time,temperature,pressure,altitude,sealevel pressure
0.042507171630859375,0,0,0,0,0,0
0.04626321792602539,0,0,0,0,0,0
0.047775983810424805,0,0,0,0,0,0
0.049195051193237305,0,0,0,0,0,0
0.061120033264160156,0,0,0,0,0,0
0.06255221366882324,0,0,0,0,0,0
0.06839513778686523,0,0,0,0,0,0
0.07154011726379395,0,0,0,0,0,0
0.07259917259216309,0,0,0,0,0,0
0.0768899917602539,0,0,0,0,0,0
0.08132505416870117,0,0,0,0,0,0
0.08909201622009277,0,0,0,0,0,0
0.09163498878479004,0,0,0,0,0,0
0.09363102912902832,0,0,0,0,0,0
0.09494709968566895,0,0,0,0,0,0
0.09592914581298828,0,0,0,0,0,0
0.09676909446716309,0,0,0,0,0,0
0.09759902954101562,0,0,0,0,0,0
0.09858298301696777,0,0,0,0,0,0
0.09967708587646484,0,0,0,0,0,0
0.10048413276672363,0,0,0,0,0,0
0.10122203826904297,0,0,0,0,0,0
0.10197901725769043,0,0,0,0,0,0
0.10300517082214355,0,0,0,0,0,0
0.10484910011291504,0,0,0,0,0,0
0.10600519180297852,0,0,0,0,0,0
0.10786104202270508,0,0,0,0,0,0
0.11237120628356934,0,0,0,0,0,0
0.11413002014160156,0,0,0,0,0,0
0.1154170036315918,0,0,0,0,0,0
0.11654210090637207,0,0,0,0,0,0
0.1191110610961914,0,0,0,0,0,0
0.12017321586608887,0,0,0,0,0,0
0.12152099609375,0,0,0,0,0,0
0.12234902381896973,0,0,0,0,0,0
0.12302517890930176,0,0,0,0,0,0
0.12393498420715332,0,0,0,0,0,0
0.12475013732910156,0,0,0,0,0,0
0.12543201446533203,0,0,0,0,0,0
0.12610316276550293,0,0,0,0,0,0
0.1268022060394287,0,0,0,0,0,0
0.12757301330566406,0,0,0,0,0,0
0.12840008735656738,0,0,0,0,0,0
0.12940311431884766,0,0,0,0,0,0
0.13362908363342285,24.0, 98564, 232.699787738, 98567.0
0.13474512100219727,24.0, 98564, 232.699787738, 98567.0
0.13544702529907227,24.0, 98564, 232.699787738, 98567.0
0.13622403144836426,24.0, 98564, 232.699787738, 98567.0
0.13710999488830566,24.0, 98564, 232.699787738, 98567.0
0.13811206817626953,24.0, 98564, 232.699787738, 98567.0
0.14072513580322266,24.0, 98564, 232.699787738, 98567.0
0.1537160873413086,24.0, 98564, 232.699787738, 98567.0
0.1547870635986328,24.0, 98564, 232.699787738, 98567.0
0.15581917762756348,24.0, 98564, 232.699787738, 98567.0
0.157318115234375,24.0, 98564, 232.699787738, 98567.0
0.15804409980773926,24.0, 98564, 232.699787738, 98567.0
0.15874719619750977,24.0, 98564, 232.699787738, 98567.0
0.1594541072845459,24.0, 98564, 232.699787738, 98567.0
0.16023015975952148,24.0, 98564, 232.699787738, 98567.0
0.16098904609680176,24.0, 98564, 232.699787738, 98567.0
0.16189098358154297,24.0, 98564, 232.699787738, 98567.0
0.16260313987731934,24.0, 98564, 232.699787738, 98567.0
0.16329598426818848,24.0, 98564, 232.699787738, 98567.0
0.16469621658325195,24.0, 98564, 232.699787738, 98567.0
0.16565918922424316,24.0, 98564, 232.699787738, 98567.0
0.16636109352111816,24.0, 98564, 232.699787738, 98567.0
0.1671590805053711,24.0, 98564, 232.699787738, 98567.0
0.16799211502075195,24.0, 98564, 232.699787738, 98567.0
0.16888904571533203,24.0, 98564, 232.699787738, 98567.0
0.16984915733337402,24.0, 98564, 232.699787738, 98567.0
0.1710209846496582,24.0, 98564, 232.699787738, 98567.0
0.17412519454956055,24.0, 98564, 232.699787738, 98567.0
0.17586016654968262,24.0, 98564, 232.699787738, 98567.0
0.17746901512145996,24.0, 98564, 232.699787738, 98567.0
0.1791391372680664,24.0, 98564, 232.699787738, 98567.0
0.18030619621276855,24.0, 98564, 232.699787738, 98567.0
0.18118810653686523,24.0, 98564, 232.699787738, 98567.0
0.18190217018127441,24.0, 98564, 232.699787738, 98567.0
0.18260717391967773,24.0, 98564, 232.699787738, 98567.0
0.18371009826660156,24.0, 98564, 232.699787738, 98567.0
0.1850900650024414,24.0, 98564, 232.699787738, 98567.0
0.18650007247924805,24.0, 98564, 232.699787738, 98567.0
0.18757915496826172,24.0, 98564, 232.699787738, 98567.0
0.18900012969970703,24.0, 98564, 232.699787738, 98567.0
0.190108060836792,24.0, 98564, 232.699787738, 98567.0
0.19098806381225586,24.0, 98564, 232.699787738, 98567.0
0.19205904006958008,24.0, 98564, 232.699787738, 98567.0
0.1931161880493164,24.0, 98564, 232.699787738, 98567.0
0.19427108764648438,24.0, 98564, 232.699787738, 98567.0
0.19533419609069824,24.0, 98564, 232.699787738, 98567.0
0.19649410247802734,24.0, 98564, 232.699787738, 98567.0
0.1977860927581787,24.0, 98564, 232.699787738, 98567.0
0.19883513450622559,24.0, 98564, 232.699787738, 98567.0
0.19979500770568848,24.0, 98564, 232.699787738, 98567.0
0.20101404190063477,24.0, 98564, 232.699787738, 98567.0
0.20257115364074707,24.0, 98564, 232.699787738, 98567.0
0.20453214645385742,24.0, 98564, 232.699787738, 98567.0
0.2065601348876953,24.0, 98564, 232.699787738, 98567.0
0.21097302436828613,24.0, 98564, 232.699787738, 98567.0
0.21409201622009277,24.0, 98564, 232.699787738, 98567.0
0.2162611484527588,24.0, 98564, 232.699787738, 98567.0
0.21887898445129395,24.0, 98564, 232.699787738, 98567.0
0.22093915939331055,24.0, 98564, 232.699787738, 98567.0
0.22242116928100586,24.0, 98564, 232.699787738, 98567.0
0.22406601905822754,24.0, 98564, 232.699787738, 98567.0
0.2252800464630127,24.0, 98564, 232.699787738, 98567.0
0.22623109817504883,24.0, 98564, 232.699787738, 98567.0
0.22705316543579102,24.0, 98564, 232.699787738, 98567.0
0.2279341220855713,24.0, 98564, 232.699787738, 98567.0
0.22939109802246094,24.0, 98554, 233.210640956, 98563.0
0.2308671474456787,24.0, 98554, 233.210640956, 98563.0
0.2330172061920166,24.0, 98554, 233.210640956, 98563.0
0.23580718040466309,24.0, 98554, 233.210640956, 98563.0
0.2400801181793213,24.0, 98554, 233.210640956, 98563.0
0.24224400520324707,24.0, 98554, 233.210640956, 98563.0
0.24631309509277344,24.0, 98554, 233.210640956, 98563.0
0.24767518043518066,24.0, 98554, 233.210640956, 98563.0
0.2495121955871582,24.0, 98554, 233.210640956, 98563.0
0.25078821182250977,24.0, 98554, 233.210640956, 98563.0
0.25203919410705566,24.0, 98554, 233.210640956, 98563.0
0.25319600105285645,24.0, 98554, 233.210640956, 98563.0
0.25478100776672363,24.0, 98554, 233.210640956, 98563.0
0.25624608993530273,24.0, 98554, 233.210640956, 98563.0
0.2581901550292969,24.0, 98554, 233.210640956, 98563.0
0.2592751979827881,24.0, 98554, 233.210640956, 98563.0
0.26174402236938477,24.0, 98554, 233.210640956, 98563.0
0.26296210289001465,24.0, 98554, 233.210640956, 98563.0
0.2649061679840088,24.0, 98554, 233.210640956, 98563.0
0.2668111324310303,24.0, 98554, 233.210640956, 98563.0
0.2702350616455078,24.0, 98554, 233.210640956, 98563.0
0.2724111080169678,24.0, 98554, 233.210640956, 98563.0
0.27628302574157715,24.0, 98554, 233.210640956, 98563.0
0.2778739929199219,24.0, 98554, 233.210640956, 98563.0
0.27875614166259766,24.0, 98554, 233.210640956, 98563.0
0.27956199645996094,24.0, 98554, 233.210640956, 98563.0
0.2803840637207031,24.0, 98554, 233.210640956, 98563.0
0.2822301387786865,24.0, 98554, 233.210640956, 98563.0
0.28314805030822754,24.0, 98554, 233.210640956, 98563.0
0.2842080593109131,24.0, 98554, 233.210640956, 98563.0
0.28507518768310547,24.0, 98554, 233.210640956, 98563.0
0.28611016273498535,24.0, 98554, 233.210640956, 98563.0
0.2877039909362793,24.0, 98554, 233.210640956, 98563.0
0.28865504264831543,24.0, 98554, 233.210640956, 98563.0
0.2895700931549072,24.0, 98554, 233.210640956, 98563.0
0.29036998748779297,24.0, 98554, 233.210640956, 98563.0
0.2914741039276123,24.0, 98554, 233.210640956, 98563.0
0.2928810119628906,24.0, 98554, 233.210640956, 98563.0
0.2950410842895508,24.0, 98554, 233.210640956, 98563.0
0.2975170612335205,24.0, 98554, 233.210640956, 98563.0
0.29915618896484375,24.0, 98554, 233.210640956, 98563.0
0.3008310794830322,24.0, 98554, 233.210640956, 98563.0
0.3029789924621582,24.0, 98554, 233.210640956, 98563.0
0.304671049118042,24.0, 98554, 233.210640956, 98563.0
0.3062131404876709,24.0, 98554, 233.210640956, 98563.0
0.3075220584869385,24.0, 98554, 233.210640956, 98563.0
0.30890607833862305,24.0, 98554, 233.210640956, 98563.0
0.3110661506652832,24.0, 98554, 233.210640956, 98563.0
0.3127901554107666,24.0, 98554, 233.210640956, 98563.0
0.31459808349609375,24.0, 98554, 233.210640956, 98563.0
0.31618809700012207,24.0, 98554, 233.210640956, 98563.0
0.31992101669311523,24.0, 98554, 233.210640956, 98563.0
0.32115912437438965,24.0, 98554, 233.210640956, 98563.0
0.322418212890625,24.0, 98554, 233.210640956, 98563.0
0.32439208030700684,24.0, 98554, 233.210640956, 98563.0
0.32665014266967773,24.0, 98554, 233.210640956, 98563.0
0.33020806312561035,24.0, 98557, 233.210640956, 98558.0
0.33267998695373535,24.0, 98557, 233.210640956, 98558.0
0.3352820873260498,24.0, 98557, 233.210640956, 98558.0
0.33706212043762207,24.0, 98557, 233.210640956, 98558.0
0.33823108673095703,24.0, 98557, 233.210640956, 98558.0
0.33956408500671387,24.0, 98557, 233.210640956, 98558.0
0.3407261371612549,24.0, 98557, 233.210640956, 98558.0
0.34175920486450195,24.0, 98557, 233.210640956, 98558.0
0.3428230285644531,24.0, 98557, 233.210640956, 98558.0
0.34402918815612793,24.0, 98557, 233.210640956, 98558.0
0.3451411724090576,24.0, 98557, 233.210640956, 98558.0
0.34616518020629883,24.0, 98557, 233.210640956, 98558.0
0.34711313247680664,24.0, 98557, 233.210640956, 98558.0
0.34851717948913574,24.0, 98557, 233.210640956, 98558.0
0.34982919692993164,24.0, 98557, 233.210640956, 98558.0
0.35085511207580566,24.0, 98557, 233.210640956, 98558.0
0.35192203521728516,24.0, 98557, 233.210640956, 98558.0
0.35327816009521484,24.0, 98557, 233.210640956, 98558.0
0.35514307022094727,24.0, 98557, 233.210640956, 98558.0
0.3570070266723633,24.0, 98557, 233.210640956, 98558.0
0.3589022159576416,24.0, 98557, 233.210640956, 98558.0
0.36211299896240234,24.0, 98557, 233.210640956, 98558.0
0.3660011291503906,24.0, 98557, 233.210640956, 98558.0
0.3684110641479492,24.0, 98557, 233.210640956, 98558.0
0.3706550598144531,24.0, 98557, 233.210640956, 98558.0
0.3726921081542969,24.0, 98557, 233.210640956, 98558.0
0.3742179870605469,24.0, 98557, 233.210640956, 98558.0
0.37560319900512695,24.0, 98557, 233.210640956, 98558.0
0.3767871856689453,24.0, 98557, 233.210640956, 98558.0
0.3778970241546631,24.0, 98557, 233.210640956, 98558.0
0.37891316413879395,24.0, 98557, 233.210640956, 98558.0
0.37989306449890137,24.0, 98557, 233.210640956, 98558.0
0.3809480667114258,24.0, 98557, 233.210640956, 98558.0
0.38169407844543457,24.0, 98557, 233.210640956, 98558.0
0.3824141025543213,24.0, 98557, 233.210640956, 98558.0
0.3833181858062744,24.0, 98557, 233.210640956, 98558.0
0.38518404960632324,24.0, 98557, 233.210640956, 98558.0
0.38841915130615234,24.0, 98557, 233.210640956, 98558.0
0.39022111892700195,24.0, 98557, 233.210640956, 98558.0
0.3925511837005615,24.0, 98557, 233.210640956, 98558.0
0.39481019973754883,24.0, 98557, 233.210640956, 98558.0
0.395902156829834,24.0, 98557, 233.210640956, 98558.0
0.3972940444946289,24.0, 98557, 233.210640956, 98558.0
0.3982210159301758,24.0, 98557, 233.210640956, 98558.0
0.3990302085876465,24.0, 98557, 233.210640956, 98558.0
0.3998701572418213,24.0, 98557, 233.210640956, 98558.0
0.40097999572753906,24.0, 98557, 233.210640956, 98558.0
0.40206003189086914,24.0, 98557, 233.210640956, 98558.0
0.40349721908569336,24.0, 98557, 233.210640956, 98558.0
0.4047050476074219,24.0, 98557, 233.210640956, 98558.0
0.40606021881103516,24.0, 98557, 233.210640956, 98558.0
0.4068000316619873,24.0, 98557, 233.210640956, 98558.0
0.4075140953063965,24.0, 98557, 233.210640956, 98558.0
0.408217191696167,24.0, 98557, 233.210640956, 98558.0
0.40946006774902344,24.0, 98557, 233.210640956, 98558.0
0.41085100173950195,24.0, 98557, 233.210640956, 98558.0
0.4117600917816162,24.0, 98557, 233.210640956, 98558.0
0.412600040435791,24.0, 98557, 233.210640956, 98558.0
0.4136221408843994,24.0, 98557, 233.210640956, 98558.0
0.4146912097930908,24.0, 98557, 233.210640956, 98558.0
0.4159870147705078,24.0, 98557, 233.210640956, 98558.0
0.4172790050506592,24.0, 98557, 233.210640956, 98558.0
0.42063117027282715,24.0, 98557, 233.210640956, 98558.0
0.42299699783325195,24.0, 98557, 233.210640956, 98558.0
0.42665910720825195,24.0, 98560, 230.401259819, 98572.0
0.42844414710998535,24.0, 98560, 230.401259819, 98572.0
0.43010807037353516,24.0, 98560, 230.401259819, 98572.0
0.43189501762390137,24.0, 98560, 230.401259819, 98572.0
0.43320798873901367,24.0, 98560, 230.401259819, 98572.0
0.4346752166748047,24.0, 98560, 230.401259819, 98572.0
0.4359920024871826,24.0, 98560, 230.401259819, 98572.0
0.43711113929748535,24.0, 98560, 230.401259819, 98572.0
0.43854498863220215,24.0, 98560, 230.401259819, 98572.0
0.43985915184020996,24.0, 98560, 230.401259819, 98572.0
0.44106006622314453,24.0, 98560, 230.401259819, 98572.0
0.4422321319580078,24.0, 98560, 230.401259819, 98572.0
0.44327306747436523,24.0, 98560, 230.401259819, 98572.0
0.4447481632232666,24.0, 98560, 230.401259819, 98572.0
0.4461061954498291,24.0, 98560, 230.401259819, 98572.0
0.448073148727417,24.0, 98560, 230.401259819, 98572.0
0.4509711265563965,24.0, 98560, 230.401259819, 98572.0
0.4530220031738281,24.0, 98560, 230.401259819, 98572.0
0.4552440643310547,24.0, 98560, 230.401259819, 98572.0
0.457003116607666,24.0, 98560, 230.401259819, 98572.0
0.459381103515625,24.0, 98560, 230.401259819, 98572.0
0.46176910400390625,24.0, 98560, 230.401259819, 98572.0
0.46468019485473633,24.0, 98560, 230.401259819, 98572.0
0.4659080505371094,24.0, 98560, 230.401259819, 98572.0
0.46696019172668457,24.0, 98560, 230.401259819, 98572.0
0.4682459831237793,24.0, 98560, 230.401259819, 98572.0
0.469541072845459,24.0, 98560, 230.401259819, 98572.0
0.4707372188568115,24.0, 98560, 230.401259819, 98572.0
0.4720420837402344,24.0, 98560, 230.401259819, 98572.0
0.4732241630554199,24.0, 98560, 230.401259819, 98572.0
0.4748561382293701,24.0, 98560, 230.401259819, 98572.0
0.47673606872558594,24.0, 98560, 230.401259819, 98572.0
0.4787161350250244,24.0, 98560, 230.401259819, 98572.0
0.4825000762939453,24.0, 98560, 230.401259819, 98572.0
0.4853701591491699,24.0, 98560, 230.401259819, 98572.0
0.48816800117492676,24.0, 98560, 230.401259819, 98572.0
0.48990511894226074,24.0, 98560, 230.401259819, 98572.0
0.4913620948791504,24.0, 98560, 230.401259819, 98572.0
0.4925801753997803,24.0, 98560, 230.401259819, 98572.0
0.49392008781433105,24.0, 98560, 230.401259819, 98572.0
0.4954562187194824,24.0, 98560, 230.401259819, 98572.0
0.49756312370300293,24.0, 98560, 230.401259819, 98572.0
0.49892616271972656,24.0, 98560, 230.401259819, 98572.0
0.5006880760192871,24.0, 98560, 230.401259819, 98572.0
0.5027880668640137,24.0, 98560, 230.401259819, 98572.0
0.5044810771942139,24.0, 98560, 230.401259819, 98572.0
0.5058610439300537,24.0, 98560, 230.401259819, 98572.0
0.5074851512908936,24.0, 98560, 230.401259819, 98572.0
0.5090961456298828,24.0, 98560, 230.401259819, 98572.0
0.512653112411499,24.0, 98560, 230.401259819, 98572.0
0.5146582126617432,24.0, 98560, 230.401259819, 98572.0
0.5171270370483398,24.0, 98560, 230.401259819, 98572.0
0.5211460590362549,24.0, 98560, 230.401259819, 98572.0
0.5222301483154297,24.0, 98560, 230.401259819, 98572.0
0.5231351852416992,24.0, 98560, 230.401259819, 98572.0
0.5242390632629395,24.0, 98560, 230.401259819, 98572.0
0.5254640579223633,24.0, 98560, 230.401259819, 98572.0
0.5267181396484375,24.0, 98560, 230.401259819, 98572.0
0.5290560722351074,24.0, 98572, 232.274095957, 98564.0
0.5313270092010498,24.0, 98572, 232.274095957, 98564.0
0.5329082012176514,24.0, 98572, 232.274095957, 98564.0
0.5347921848297119,24.0, 98572, 232.274095957, 98564.0
0.5363750457763672,24.0, 98572, 232.274095957, 98564.0
0.538128137588501,24.0, 98572, 232.274095957, 98564.0
0.5407960414886475,24.0, 98572, 232.274095957, 98564.0
0.5440380573272705,24.0, 98572, 232.274095957, 98564.0
0.546424150466919,24.0, 98572, 232.274095957, 98564.0
0.5494060516357422,24.0, 98572, 232.274095957, 98564.0
0.5510880947113037,24.0, 98572, 232.274095957, 98564.0
0.552692174911499,24.0, 98572, 232.274095957, 98564.0
0.5542581081390381,24.0, 98572, 232.274095957, 98564.0
0.5557861328125,24.0, 98572, 232.274095957, 98564.0
0.5588312149047852,24.0, 98572, 232.274095957, 98564.0
0.5602672100067139,24.0, 98572, 232.274095957, 98564.0
0.5617930889129639,24.0, 98572, 232.274095957, 98564.0
0.5630800724029541,24.0, 98572, 232.274095957, 98564.0
0.5654940605163574,24.0, 98572, 232.274095957, 98564.0
0.567108154296875,24.0, 98572, 232.274095957, 98564.0
0.5697031021118164,24.0, 98572, 232.274095957, 98564.0
0.5737171173095703,24.0, 98572, 232.274095957, 98564.0
0.5757300853729248,24.0, 98572, 232.274095957, 98564.0
0.5778861045837402,24.0, 98572, 232.274095957, 98564.0
0.5798900127410889,24.0, 98572, 232.274095957, 98564.0
0.5821950435638428,24.0, 98572, 232.274095957, 98564.0
0.5839061737060547,24.0, 98572, 232.274095957, 98564.0
0.5854711532592773,24.0, 98572, 232.274095957, 98564.0
0.587022066116333,24.0, 98572, 232.274095957, 98564.0
0.5897781848907471,24.0, 98572, 232.274095957, 98564.0
0.5913650989532471,24.0, 98572, 232.274095957, 98564.0
0.5929920673370361,24.0, 98572, 232.274095957, 98564.0
0.5953481197357178,24.0, 98572, 232.274095957, 98564.0
0.5970451831817627,24.0, 98572, 232.274095957, 98564.0
0.5988972187042236,24.0, 98572, 232.274095957, 98564.0
0.603140115737915,24.0, 98572, 232.274095957, 98564.0
0.6056280136108398,24.0, 98572, 232.274095957, 98564.0
0.6081910133361816,24.0, 98572, 232.274095957, 98564.0
0.6101701259613037,24.0, 98572, 232.274095957, 98564.0
0.6123321056365967,24.0, 98572, 232.274095957, 98564.0
0.6139490604400635,24.0, 98572, 232.274095957, 98564.0
0.6151690483093262,24.0, 98572, 232.274095957, 98564.0
0.6162819862365723,24.0, 98572, 232.274095957, 98564.0
0.6173410415649414,24.0, 98572, 232.274095957, 98564.0
0.6202001571655273,24.0, 98572, 232.274095957, 98564.0
0.6221940517425537,24.0, 98572, 232.274095957, 98564.0
0.6250340938568115,24.0, 98560, 233.210640956, 98587.0
0.6261851787567139,24.0, 98560, 233.210640956, 98587.0
0.6272821426391602,24.0, 98560, 233.210640956, 98587.0
0.6287050247192383,24.0, 98560, 233.210640956, 98587.0
0.6317191123962402,24.0, 98560, 233.210640956, 98587.0
0.6336421966552734,24.0, 98560, 233.210640956, 98587.0
0.6370911598205566,24.0, 98560, 233.210640956, 98587.0
0.6388201713562012,24.0, 98560, 233.210640956, 98587.0
0.6403210163116455,24.0, 98560, 233.210640956, 98587.0
0.6418290138244629,24.0, 98560, 233.210640956, 98587.0
0.6436631679534912,24.0, 98560, 233.210640956, 98587.0
0.6451611518859863,24.0, 98560, 233.210640956, 98587.0
0.6463611125946045,24.0, 98560, 233.210640956, 98587.0
0.6475610733032227,24.0, 98560, 233.210640956, 98587.0
0.6492350101470947,24.0, 98560, 233.210640956, 98587.0
0.6506800651550293,24.0, 98560, 233.210640956, 98587.0
0.6520850658416748,24.0, 98560, 233.210640956, 98587.0
0.6536080837249756,24.0, 98560, 233.210640956, 98587.0
0.6550741195678711,24.0, 98560, 233.210640956, 98587.0
0.6563069820404053,24.0, 98560, 233.210640956, 98587.0
0.6574921607971191,24.0, 98560, 233.210640956, 98587.0
0.6588881015777588,24.0, 98560, 233.210640956, 98587.0
0.6607050895690918,24.0, 98560, 233.210640956, 98587.0
0.6654942035675049,24.0, 98560, 233.210640956, 98587.0
0.6676580905914307,24.0, 98560, 233.210640956, 98587.0
0.6696560382843018,24.0, 98560, 233.210640956, 98587.0
0.6719970703125,24.0, 98560, 233.210640956, 98587.0
0.6742351055145264,24.0, 98560, 233.210640956, 98587.0
0.6756901741027832,24.0, 98560, 233.210640956, 98587.0
0.6770360469818115,24.0, 98560, 233.210640956, 98587.0
0.6782910823822021,24.0, 98560, 233.210640956, 98587.0
0.6796300411224365,24.0, 98560, 233.210640956, 98587.0
0.6809921264648438,24.0, 98560, 233.210640956, 98587.0
0.6822772026062012,24.0, 98560, 233.210640956, 98587.0
0.6837460994720459,24.0, 98560, 233.210640956, 98587.0
0.6853601932525635,24.0, 98560, 233.210640956, 98587.0
0.686676025390625,24.0, 98560, 233.210640956, 98587.0
0.6881442070007324,24.0, 98560, 233.210640956, 98587.0
0.6898519992828369,24.0, 98560, 233.210640956, 98587.0
0.692561149597168,24.0, 98560, 233.210640956, 98587.0
0.695655107498169,24.0, 98560, 233.210640956, 98587.0
0.6982200145721436,24.0, 98560, 233.210640956, 98587.0
0.7005641460418701,24.0, 98560, 233.210640956, 98587.0
0.7025811672210693,24.0, 98560, 233.210640956, 98587.0
0.7043530941009521,24.0, 98560, 233.210640956, 98587.0
0.7093560695648193,24.0, 98560, 233.210640956, 98587.0
0.7112460136413574,24.0, 98560, 233.210640956, 98587.0
0.7126691341400146,24.0, 98560, 233.210640956, 98587.0
0.7141411304473877,24.0, 98560, 233.210640956, 98587.0
0.7157111167907715,24.0, 98560, 233.210640956, 98587.0
0.7181870937347412,24.0, 98560, 233.210640956, 98587.0
0.7231040000915527,24.0, 98560, 233.210640956, 98587.0
0.7277560234069824,24.0, 98551, 232.955211199, 98573.0
0.7296350002288818,24.0, 98551, 232.955211199, 98573.0
0.7318310737609863,24.0, 98551, 232.955211199, 98573.0
0.7331280708312988,24.0, 98551, 232.955211199, 98573.0
0.7341351509094238,24.0, 98551, 232.955211199, 98573.0
0.7349550724029541,24.0, 98551, 232.955211199, 98573.0
0.7360310554504395,24.0, 98551, 232.955211199, 98573.0
0.7369890213012695,24.0, 98551, 232.955211199, 98573.0
0.7379209995269775,24.0, 98551, 232.955211199, 98573.0
0.7393360137939453,24.0, 98551, 232.955211199, 98573.0
0.7402551174163818,24.0, 98551, 232.955211199, 98573.0
0.7411971092224121,24.0, 98551, 232.955211199, 98573.0
0.7420060634613037,24.0, 98551, 232.955211199, 98573.0
0.7428171634674072,24.0, 98551, 232.955211199, 98573.0
0.7438011169433594,24.0, 98551, 232.955211199, 98573.0
0.744758129119873,24.0, 98551, 232.955211199, 98573.0
0.7455780506134033,24.0, 98551, 232.955211199, 98573.0
0.7463741302490234,24.0, 98551, 232.955211199, 98573.0
0.7471439838409424,24.0, 98551, 232.955211199, 98573.0
0.748009204864502,24.0, 98551, 232.955211199, 98573.0
0.7489399909973145,24.0, 98551, 232.955211199, 98573.0
0.7502131462097168,24.0, 98551, 232.955211199, 98573.0
0.7524690628051758,24.0, 98551, 232.955211199, 98573.0
0.7543320655822754,24.0, 98551, 232.955211199, 98573.0
0.7561690807342529,24.0, 98551, 232.955211199, 98573.0
0.7609870433807373,24.0, 98551, 232.955211199, 98573.0
0.7630610466003418,24.0, 98551, 232.955211199, 98573.0
0.7656371593475342,24.0, 98551, 232.955211199, 98573.0
0.7678980827331543,24.0, 98551, 232.955211199, 98573.0
0.7696840763092041,24.0, 98551, 232.955211199, 98573.0
0.7710051536560059,24.0, 98551, 232.955211199, 98573.0
0.7722179889678955,24.0, 98551, 232.955211199, 98573.0
0.7734830379486084,24.0, 98551, 232.955211199, 98573.0
0.7749471664428711,24.0, 98551, 232.955211199, 98573.0
0.7763550281524658,24.0, 98551, 232.955211199, 98573.0
0.7774620056152344,24.0, 98551, 232.955211199, 98573.0
0.7788879871368408,24.0, 98551, 232.955211199, 98573.0
0.7804470062255859,24.0, 98551, 232.955211199, 98573.0
0.7824001312255859,24.0, 98551, 232.955211199, 98573.0
0.7856051921844482,24.0, 98551, 232.955211199, 98573.0
0.7876970767974854,24.0, 98551, 232.955211199, 98573.0
0.7899930477142334,24.0, 98551, 232.955211199, 98573.0
0.7925271987915039,24.0, 98551, 232.955211199, 98573.0
0.7949330806732178,24.0, 98551, 232.955211199, 98573.0
0.7963540554046631,24.0, 98551, 232.955211199, 98573.0
0.7975821495056152,24.0, 98551, 232.955211199, 98573.0
0.7986860275268555,24.0, 98551, 232.955211199, 98573.0
0.7997901439666748,24.0, 98551, 232.955211199, 98573.0
0.8009011745452881,24.0, 98551, 232.955211199, 98573.0
0.8022379875183105,24.0, 98551, 232.955211199, 98573.0
0.8041071891784668,24.0, 98551, 232.955211199, 98573.0
0.8056201934814453,24.0, 98551, 232.955211199, 98573.0
0.8069829940795898,24.0, 98551, 232.955211199, 98573.0
0.8082280158996582,24.0, 98551, 232.955211199, 98573.0
0.8095450401306152,24.0, 98551, 232.955211199, 98573.0
0.8115730285644531,24.0, 98551, 232.955211199, 98573.0
0.8136961460113525,24.0, 98551, 232.955211199, 98573.0
0.816256046295166,24.0, 98551, 232.955211199, 98573.0
0.8192729949951172,24.0, 98551, 232.955211199, 98573.0
0.8211619853973389,24.0, 98551, 232.955211199, 98573.0
0.827984094619751,24.0, 98554, 233.295785608, 98591.0
0.8300511837005615,24.0, 98554, 233.295785608, 98591.0
0.8310861587524414,24.0, 98554, 233.295785608, 98591.0
0.8326501846313477,24.0, 98554, 233.295785608, 98591.0
0.8341050148010254,24.0, 98554, 233.295785608, 98591.0
0.8354620933532715,24.0, 98554, 233.295785608, 98591.0
0.8364150524139404,24.0, 98554, 233.295785608, 98591.0
0.8373081684112549,24.0, 98554, 233.295785608, 98591.0
0.8381052017211914,24.0, 98554, 233.295785608, 98591.0
0.8389670848846436,24.0, 98554, 233.295785608, 98591.0
0.8399920463562012,24.0, 98554, 233.295785608, 98591.0
0.8412160873413086,24.0, 98554, 233.295785608, 98591.0
0.8433270454406738,24.0, 98554, 233.295785608, 98591.0
0.8464350700378418,24.0, 98554, 233.295785608, 98591.0
0.8485519886016846,24.0, 98554, 233.295785608, 98591.0
0.8511509895324707,24.0, 98554, 233.295785608, 98591.0
0.8526589870452881,24.0, 98554, 233.295785608, 98591.0
0.8543879985809326,24.0, 98554, 233.295785608, 98591.0
0.8561069965362549,24.0, 98554, 233.295785608, 98591.0
0.8593511581420898,24.0, 98554, 233.295785608, 98591.0
0.8610851764678955,24.0, 98554, 233.295785608, 98591.0
0.8624780178070068,24.0, 98554, 233.295785608, 98591.0
0.8640270233154297,24.0, 98554, 233.295785608, 98591.0
0.8653891086578369,24.0, 98554, 233.295785608, 98591.0
0.8667011260986328,24.0, 98554, 233.295785608, 98591.0
0.868394136428833,24.0, 98554, 233.295785608, 98591.0
0.8698141574859619,24.0, 98554, 233.295785608, 98591.0
0.8712410926818848,24.0, 98554, 233.295785608, 98591.0
0.8729860782623291,24.0, 98554, 233.295785608, 98591.0
0.8759541511535645,24.0, 98554, 233.295785608, 98591.0
0.8789851665496826,24.0, 98554, 233.295785608, 98591.0
0.8818011283874512,24.0, 98554, 233.295785608, 98591.0
0.8844401836395264,24.0, 98554, 233.295785608, 98591.0
0.8863420486450195,24.0, 98554, 233.295785608, 98591.0
0.887761116027832,24.0, 98554, 233.295785608, 98591.0
0.8890800476074219,24.0, 98554, 233.295785608, 98591.0
0.8903651237487793,24.0, 98554, 233.295785608, 98591.0
0.8917360305786133,24.0, 98554, 233.295785608, 98591.0
0.8932561874389648,24.0, 98554, 233.295785608, 98591.0
0.8948690891265869,24.0, 98554, 233.295785608, 98591.0
0.8960521221160889,24.0, 98554, 233.295785608, 98591.0
0.8973879814147949,24.0, 98554, 233.295785608, 98591.0
0.8985919952392578,24.0, 98554, 233.295785608, 98591.0
0.8998031616210938,24.0, 98554, 233.295785608, 98591.0
0.9012441635131836,24.0, 98554, 233.295785608, 98591.0
0.904149055480957,24.0, 98554, 233.295785608, 98591.0
0.9076440334320068,24.0, 98554, 233.295785608, 98591.0
0.9099891185760498,24.0, 98554, 233.295785608, 98591.0
0.912222146987915,24.0, 98554, 233.295785608, 98591.0
0.9147460460662842,24.0, 98554, 233.295785608, 98591.0
0.9175610542297363,24.0, 98554, 233.295785608, 98591.0
0.9193160533905029,24.0, 98554, 233.295785608, 98591.0
0.921234130859375,24.0, 98554, 233.295785608, 98591.0
0.9247779846191406,24.0, 98554, 233.295785608, 98591.0
0.9267141819000244,24.0, 98554, 233.295785608, 98591.0
0.9354569911956787,24.0, 98563, 232.955211199, 98558.0
0.9386420249938965,24.0, 98563, 232.955211199, 98558.0
0.9414360523223877,24.0, 98563, 232.955211199, 98558.0
0.9444961547851562,24.0, 98563, 232.955211199, 98558.0
0.9462981224060059,24.0, 98563, 232.955211199, 98558.0
0.9478960037231445,24.0, 98563, 232.955211199, 98558.0
0.9498422145843506,24.0, 98563, 232.955211199, 98558.0
0.9520800113677979,24.0, 98563, 232.955211199, 98558.0
0.9544861316680908,24.0, 98563, 232.955211199, 98558.0
0.9557161331176758,24.0, 98563, 232.955211199, 98558.0
0.9589409828186035,24.0, 98563, 232.955211199, 98558.0
0.9606091976165771,24.0, 98563, 232.955211199, 98558.0
0.9618871212005615,24.0, 98563, 232.955211199, 98558.0
0.9628200531005859,24.0, 98563, 232.955211199, 98558.0
0.9643661975860596,24.0, 98563, 232.955211199, 98558.0
0.9661831855773926,24.0, 98563, 232.955211199, 98558.0
0.9678001403808594,24.0, 98563, 232.955211199, 98558.0
0.9692962169647217,24.0, 98563, 232.955211199, 98558.0
0.970717191696167,24.0, 98563, 232.955211199, 98558.0
0.9721951484680176,24.0, 98563, 232.955211199, 98558.0
0.9738759994506836,24.0, 98563, 232.955211199, 98558.0
0.9755830764770508,24.0, 98563, 232.955211199, 98558.0
0.9770181179046631,24.0, 98563, 232.955211199, 98558.0
0.9783802032470703,24.0, 98563, 232.955211199, 98558.0
0.9796500205993652,24.0, 98563, 232.955211199, 98558.0
0.9810910224914551,24.0, 98563, 232.955211199, 98558.0
0.9820501804351807,24.0, 98563, 232.955211199, 98558.0
0.9831089973449707,24.0, 98563, 232.955211199, 98558.0
0.9846501350402832,24.0, 98563, 232.955211199, 98558.0
0.9859790802001953,24.0, 98563, 232.955211199, 98558.0
0.9869410991668701,24.0, 98563, 232.955211199, 98558.0
0.9877769947052002,24.0, 98563, 232.955211199, 98558.0
0.9886271953582764,24.0, 98563, 232.955211199, 98558.0
0.9894890785217285,24.0, 98563, 232.955211199, 98558.0
0.9905130863189697,24.0, 98563, 232.955211199, 98558.0
0.9917562007904053,24.0, 98563, 232.955211199, 98558.0
0.9959239959716797,24.0, 98563, 232.955211199, 98558.0
0.9990780353546143,24.0, 98563, 232.955211199, 98558.0
1.002798080444336,24.0, 98563, 232.955211199, 98558.0
1.0056421756744385,24.0, 98563, 232.955211199, 98558.0
1.009446144104004,24.0, 98563, 232.955211199, 98558.0
1.0131261348724365,24.0, 98563, 232.955211199, 98558.0
1.0159730911254883,24.0, 98563, 232.955211199, 98558.0
1.017683982849121,24.0, 98563, 232.955211199, 98558.0
1.0194051265716553,24.0, 98563, 232.955211199, 98558.0
1.0240390300750732,24.0, 98563, 232.955211199, 98558.0
1.028090000152588,24.0, 98563, 233.040353752, 98561.0
1.0321509838104248,24.0, 98563, 233.040353752, 98561.0
1.0351381301879883,24.0, 98563, 233.040353752, 98561.0
1.0378210544586182,24.0, 98563, 233.040353752, 98561.0
1.0395290851593018,24.0, 98563, 233.040353752, 98561.0
1.0410070419311523,24.0, 98563, 233.040353752, 98561.0
1.042436122894287,24.0, 98563, 233.040353752, 98561.0
1.043903112411499,24.0, 98563, 233.040353752, 98561.0
1.0453460216522217,24.0, 98563, 233.040353752, 98561.0
1.0468740463256836,24.0, 98563, 233.040353752, 98561.0
1.048349142074585,24.0, 98563, 233.040353752, 98561.0
1.0502841472625732,24.0, 98563, 233.040353752, 98561.0
1.0517351627349854,24.0, 98563, 233.040353752, 98561.0
1.0536541938781738,24.0, 98563, 233.040353752, 98561.0
1.0558290481567383,24.0, 98563, 233.040353752, 98561.0
1.0626749992370605,24.0, 98563, 233.040353752, 98561.0
1.0658249855041504,24.0, 98563, 233.040353752, 98561.0
1.067500114440918,24.0, 98563, 233.040353752, 98561.0
1.0695440769195557,24.0, 98563, 233.040353752, 98561.0
1.070965051651001,24.0, 98563, 233.040353752, 98561.0
1.0724780559539795,24.0, 98563, 233.040353752, 98561.0
1.07436203956604,24.0, 98563, 233.040353752, 98561.0
1.0758721828460693,24.0, 98563, 233.040353752, 98561.0
1.0772809982299805,24.0, 98563, 233.040353752, 98561.0
1.0787451267242432,24.0, 98563, 233.040353752, 98561.0
1.0800809860229492,24.0, 98563, 233.040353752, 98561.0
1.0815460681915283,24.0, 98563, 233.040353752, 98561.0
1.0828711986541748,24.0, 98563, 233.040353752, 98561.0
1.084909200668335,24.0, 98563, 233.040353752, 98561.0
1.0876140594482422,24.0, 98563, 233.040353752, 98561.0
1.0912690162658691,24.0, 98563, 233.040353752, 98561.0
1.0945641994476318,24.0, 98563, 233.040353752, 98561.0
1.0965580940246582,24.0, 98563, 233.040353752, 98561.0
1.0977561473846436,24.0, 98563, 233.040353752, 98561.0
1.0986731052398682,24.0, 98563, 233.040353752, 98561.0
1.0996379852294922,24.0, 98563, 233.040353752, 98561.0
1.1005430221557617,24.0, 98563, 233.040353752, 98561.0
1.1015090942382812,24.0, 98563, 233.040353752, 98561.0
1.1026451587677002,24.0, 98563, 233.040353752, 98561.0
1.1050100326538086,24.0, 98563, 233.040353752, 98561.0
1.106126070022583,24.0, 98563, 233.040353752, 98561.0
1.1069631576538086,24.0, 98563, 233.040353752, 98561.0
1.1078782081604004,24.0, 98563, 233.040353752, 98561.0
1.10886812210083,24.0, 98563, 233.040353752, 98561.0
1.1099960803985596,24.0, 98563, 233.040353752, 98561.0
1.1110081672668457,24.0, 98563, 233.040353752, 98561.0
1.112173080444336,24.0, 98563, 233.040353752, 98561.0
1.1131269931793213,24.0, 98563, 233.040353752, 98561.0
1.1144740581512451,24.0, 98563, 233.040353752, 98561.0
1.1164970397949219,24.0, 98563, 233.040353752, 98561.0
1.123553991317749,24.0, 98563, 233.040353752, 98561.0
1.128817081451416,24.0, 98561, 229.209631186, 98557.0
1.1315162181854248,24.0, 98561, 229.209631186, 98557.0
1.13407301902771,24.0, 98561, 229.209631186, 98557.0
1.135571002960205,24.0, 98561, 229.209631186, 98557.0
1.137087106704712,24.0, 98561, 229.209631186, 98557.0
1.1387670040130615,24.0, 98561, 229.209631186, 98557.0
1.1402711868286133,24.0, 98561, 229.209631186, 98557.0
1.1417481899261475,24.0, 98561, 229.209631186, 98557.0
1.1432311534881592,24.0, 98561, 229.209631186, 98557.0
1.1449880599975586,24.0, 98561, 229.209631186, 98557.0
1.1466541290283203,24.0, 98561, 229.209631186, 98557.0
1.1511611938476562,24.0, 98561, 229.209631186, 98557.0
1.1547770500183105,24.0, 98561, 229.209631186, 98557.0
1.157771110534668,24.0, 98561, 229.209631186, 98557.0
1.161837100982666,24.0, 98561, 229.209631186, 98557.0
1.1635282039642334,24.0, 98561, 229.209631186, 98557.0
1.1651041507720947,24.0, 98561, 229.209631186, 98557.0
1.166452169418335,24.0, 98561, 229.209631186, 98557.0
1.1680660247802734,24.0, 98561, 229.209631186, 98557.0
1.169485092163086,24.0, 98561, 229.209631186, 98557.0
1.1706531047821045,24.0, 98561, 229.209631186, 98557.0
1.1719601154327393,24.0, 98561, 229.209631186, 98557.0
1.1735479831695557,24.0, 98561, 229.209631186, 98557.0
1.1750919818878174,24.0, 98561, 229.209631186, 98557.0
1.1767420768737793,24.0, 98561, 229.209631186, 98557.0
1.1788430213928223,24.0, 98561, 229.209631186, 98557.0
1.1827490329742432,24.0, 98561, 229.209631186, 98557.0
1.1864380836486816,24.0, 98561, 229.209631186, 98557.0
1.1889162063598633,24.0, 98561, 229.209631186, 98557.0
1.19041109085083,24.0, 98561, 229.209631186, 98557.0
1.1919441223144531,24.0, 98561, 229.209631186, 98557.0
1.1942601203918457,24.0, 98561, 229.209631186, 98557.0
1.1957201957702637,24.0, 98561, 229.209631186, 98557.0
1.1972191333770752,24.0, 98561, 229.209631186, 98557.0
1.1987299919128418,24.0, 98561, 229.209631186, 98557.0
1.201106071472168,24.0, 98561, 229.209631186, 98557.0
1.203111171722412,24.0, 98561, 229.209631186, 98557.0
1.2055411338806152,24.0, 98561, 229.209631186, 98557.0
1.2072842121124268,24.0, 98561, 229.209631186, 98557.0
1.2092649936676025,24.0, 98561, 229.209631186, 98557.0
1.213569164276123,24.0, 98561, 229.209631186, 98557.0
1.2158620357513428,24.0, 98561, 229.209631186, 98557.0
1.2182002067565918,24.0, 98561, 229.209631186, 98557.0
1.223351001739502,24.0, 98561, 229.209631186, 98557.0
1.2249782085418701,24.0, 98561, 229.209631186, 98557.0
1.228640079498291,24.0, 98573, 228.869191025, 98576.0
1.230571985244751,24.0, 98573, 228.869191025, 98576.0
1.2320740222930908,24.0, 98573, 228.869191025, 98576.0
1.2337000370025635,24.0, 98573, 228.869191025, 98576.0
1.2348670959472656,24.0, 98573, 228.869191025, 98576.0
1.2356810569763184,24.0, 98573, 228.869191025, 98576.0
1.236624002456665,24.0, 98573, 228.869191025, 98576.0
1.2379810810089111,24.0, 98573, 228.869191025, 98576.0
1.2395570278167725,24.0, 98573, 228.869191025, 98576.0
1.2443771362304688,24.0, 98573, 228.869191025, 98576.0
1.2472331523895264,24.0, 98573, 228.869191025, 98576.0
1.2506051063537598,24.0, 98573, 228.869191025, 98576.0
1.2522270679473877,24.0, 98573, 228.869191025, 98576.0
1.2540600299835205,24.0, 98573, 228.869191025, 98576.0
1.2557380199432373,24.0, 98573, 228.869191025, 98576.0
1.25960111618042,24.0, 98573, 228.869191025, 98576.0
1.261132001876831,24.0, 98573, 228.869191025, 98576.0
1.2626261711120605,24.0, 98573, 228.869191025, 98576.0
1.2645599842071533,24.0, 98573, 228.869191025, 98576.0
1.2659871578216553,24.0, 98573, 228.869191025, 98576.0
1.2674560546875,24.0, 98573, 228.869191025, 98576.0
1.269381046295166,24.0, 98573, 228.869191025, 98576.0
1.272874116897583,24.0, 98573, 228.869191025, 98576.0
1.2764050960540771,24.0, 98573, 228.869191025, 98576.0
1.2788050174713135,24.0, 98573, 228.869191025, 98576.0
1.281095027923584,24.0, 98573, 228.869191025, 98576.0
1.2826130390167236,24.0, 98573, 228.869191025, 98576.0
1.2844061851501465,24.0, 98573, 228.869191025, 98576.0
1.2859899997711182,24.0, 98573, 228.869191025, 98576.0
1.287506103515625,24.0, 98573, 228.869191025, 98576.0
1.2890281677246094,24.0, 98573, 228.869191025, 98576.0
1.2907590866088867,24.0, 98573, 228.869191025, 98576.0
1.292187213897705,24.0, 98573, 228.869191025, 98576.0
1.2941100597381592,24.0, 98573, 228.869191025, 98576.0
1.2955842018127441,24.0, 98573, 228.869191025, 98576.0
1.2968640327453613,24.0, 98573, 228.869191025, 98576.0
1.2986040115356445,24.0, 98573, 228.869191025, 98576.0
1.3005590438842773,24.0, 98573, 228.869191025, 98576.0
1.3051671981811523,24.0, 98573, 228.869191025, 98576.0
1.3079800605773926,24.0, 98573, 228.869191025, 98576.0
1.312129020690918,24.0, 98573, 228.869191025, 98576.0
1.3145701885223389,24.0, 98573, 228.869191025, 98576.0
1.3167359828948975,24.0, 98573, 228.869191025, 98576.0
1.323348045349121,24.0, 98573, 228.869191025, 98576.0
1.3255422115325928,24.0, 98573, 228.869191025, 98576.0
1.327347993850708,24.0, 98573, 228.869191025, 98576.0
1.3293030261993408,24.0, 98573, 228.869191025, 98576.0
1.3331880569458008,24.0, 98573, 228.869191025, 98576.0
1.3389711380004883,24.0, 98563, 232.188959699, 98596.0
1.341581106185913,24.0, 98563, 232.188959699, 98596.0
1.3428599834442139,24.0, 98563, 232.188959699, 98596.0
1.3449242115020752,24.0, 98563, 232.188959699, 98596.0
1.3460900783538818,24.0, 98563, 232.188959699, 98596.0
1.34718918800354,24.0, 98563, 232.188959699, 98596.0
1.3482670783996582,24.0, 98563, 232.188959699, 98596.0
1.3497200012207031,24.0, 98563, 232.188959699, 98596.0
1.351067066192627,24.0, 98563, 232.188959699, 98596.0
1.3522100448608398,24.0, 98563, 232.188959699, 98596.0
1.3533132076263428,24.0, 98563, 232.188959699, 98596.0
1.3546080589294434,24.0, 98563, 232.188959699, 98596.0
1.3558650016784668,24.0, 98563, 232.188959699, 98596.0
1.3614699840545654,24.0, 98563, 232.188959699, 98596.0
1.3650891780853271,24.0, 98563, 232.188959699, 98596.0
1.3677020072937012,24.0, 98563, 232.188959699, 98596.0
1.369624137878418,24.0, 98563, 232.188959699, 98596.0
1.3720481395721436,24.0, 98563, 232.188959699, 98596.0
1.3753130435943604,24.0, 98563, 232.188959699, 98596.0
1.3774261474609375,24.0, 98563, 232.188959699, 98596.0
1.3792340755462646,24.0, 98563, 232.188959699, 98596.0
1.3809261322021484,24.0, 98563, 232.188959699, 98596.0
1.382594108581543,24.0, 98563, 232.188959699, 98596.0
1.384660005569458,24.0, 98563, 232.188959699, 98596.0
1.3863420486450195,24.0, 98563, 232.188959699, 98596.0
1.3880631923675537,24.0, 98563, 232.188959699, 98596.0
1.3899312019348145,24.0, 98563, 232.188959699, 98596.0
1.393057107925415,24.0, 98563, 232.188959699, 98596.0
1.3968520164489746,24.0, 98563, 232.188959699, 98596.0
1.400521993637085,24.0, 98563, 232.188959699, 98596.0
1.4024782180786133,24.0, 98563, 232.188959699, 98596.0
1.4044501781463623,24.0, 98563, 232.188959699, 98596.0
1.40602707862854,24.0, 98563, 232.188959699, 98596.0
1.4078199863433838,24.0, 98563, 232.188959699, 98596.0
1.410114049911499,24.0, 98563, 232.188959699, 98596.0
1.4121060371398926,24.0, 98563, 232.188959699, 98596.0
1.414335012435913,24.0, 98563, 232.188959699, 98596.0
1.4171969890594482,24.0, 98563, 232.188959699, 98596.0
1.4289250373840332,24.0, 98563, 232.188959699, 98596.0
1.4317901134490967,24.0, 98563, 232.188959699, 98596.0
1.4368760585784912,24.0, 98564, 232.529508927, 98566.0
1.4389450550079346,24.0, 98564, 232.529508927, 98566.0
1.440709114074707,24.0, 98564, 232.529508927, 98566.0
1.442784070968628,24.0, 98564, 232.529508927, 98566.0
1.4447882175445557,24.0, 98564, 232.529508927, 98566.0
1.4462380409240723,24.0, 98564, 232.529508927, 98566.0
1.4483730792999268,24.0, 98564, 232.529508927, 98566.0
1.4507951736450195,24.0, 98564, 232.529508927, 98566.0
1.4530751705169678,24.0, 98564, 232.529508927, 98566.0
1.4621100425720215,24.0, 98564, 232.529508927, 98566.0
1.4637792110443115,24.0, 98564, 232.529508927, 98566.0
1.4653611183166504,24.0, 98564, 232.529508927, 98566.0
1.4673140048980713,24.0, 98564, 232.529508927, 98566.0
1.4689981937408447,24.0, 98564, 232.529508927, 98566.0
1.4700469970703125,24.0, 98564, 232.529508927, 98566.0
1.4710052013397217,24.0, 98564, 232.529508927, 98566.0
1.4719340801239014,24.0, 98564, 232.529508927, 98566.0
1.4739341735839844,24.0, 98564, 232.529508927, 98566.0
1.4752740859985352,24.0, 98564, 232.529508927, 98566.0
1.4763500690460205,24.0, 98564, 232.529508927, 98566.0
1.4772891998291016,24.0, 98564, 232.529508927, 98566.0
1.4782700538635254,24.0, 98564, 232.529508927, 98566.0
1.4792439937591553,24.0, 98564, 232.529508927, 98566.0
1.48018217086792,24.0, 98564, 232.529508927, 98566.0
1.4811789989471436,24.0, 98564, 232.529508927, 98566.0
1.482133150100708,24.0, 98564, 232.529508927, 98566.0
1.4836561679840088,24.0, 98564, 232.529508927, 98566.0
1.4863591194152832,24.0, 98564, 232.529508927, 98566.0
1.4893450736999512,24.0, 98564, 232.529508927, 98566.0
1.4913861751556396,24.0, 98564, 232.529508927, 98566.0
1.4930551052093506,24.0, 98564, 232.529508927, 98566.0
1.494948148727417,24.0, 98564, 232.529508927, 98566.0
1.4974381923675537,24.0, 98564, 232.529508927, 98566.0
1.5003900527954102,24.0, 98564, 232.529508927, 98566.0
1.5026040077209473,24.0, 98564, 232.529508927, 98566.0
1.504587173461914,24.0, 98564, 232.529508927, 98566.0
1.5066790580749512,24.0, 98564, 232.529508927, 98566.0
1.5082111358642578,24.0, 98564, 232.529508927, 98566.0
1.5102040767669678,24.0, 98564, 232.529508927, 98566.0
1.512120008468628,24.0, 98564, 232.529508927, 98566.0
1.5146210193634033,24.0, 98564, 232.529508927, 98566.0
1.518174171447754,24.0, 98564, 232.529508927, 98566.0
1.5247931480407715,24.0, 98564, 232.529508927, 98566.0
1.5297691822052002,24.0, 98564, 233.040353752, 98558.0
1.5313720703125,24.0, 98564, 233.040353752, 98558.0
1.5330891609191895,24.0, 98564, 233.040353752, 98558.0
1.5347840785980225,24.0, 98564, 233.040353752, 98558.0
1.5363500118255615,24.0, 98564, 233.040353752, 98558.0
1.537964105606079,24.0, 98564, 233.040353752, 98558.0
1.5397000312805176,24.0, 98564, 233.040353752, 98558.0
1.5411531925201416,24.0, 98564, 233.040353752, 98558.0
1.5429840087890625,24.0, 98564, 233.040353752, 98558.0
1.5454142093658447,24.0, 98564, 233.040353752, 98558.0
1.549619197845459,24.0, 98564, 233.040353752, 98558.0
1.5536160469055176,24.0, 98564, 233.040353752, 98558.0
1.5567262172698975,24.0, 98564, 233.040353752, 98558.0
1.5625581741333008,24.0, 98564, 233.040353752, 98558.0
1.5644311904907227,24.0, 98564, 233.040353752, 98558.0
1.5661020278930664,24.0, 98564, 233.040353752, 98558.0
1.5679371356964111,24.0, 98564, 233.040353752, 98558.0
1.5695250034332275,24.0, 98564, 233.040353752, 98558.0
1.5714120864868164,24.0, 98564, 233.040353752, 98558.0
1.5732841491699219,24.0, 98564, 233.040353752, 98558.0
1.5760340690612793,24.0, 98564, 233.040353752, 98558.0
1.5799121856689453,24.0, 98564, 233.040353752, 98558.0
1.5832180976867676,24.0, 98564, 233.040353752, 98558.0
1.585571050643921,24.0, 98564, 233.040353752, 98558.0
1.5874111652374268,24.0, 98564, 233.040353752, 98558.0
1.5886561870574951,24.0, 98564, 233.040353752, 98558.0
1.5897481441497803,24.0, 98564, 233.040353752, 98558.0
1.5911781787872314,24.0, 98564, 233.040353752, 98558.0
1.5931861400604248,24.0, 98564, 233.040353752, 98558.0
1.594520092010498,24.0, 98564, 233.040353752, 98558.0
1.595776081085205,24.0, 98564, 233.040353752, 98558.0
1.5974690914154053,24.0, 98564, 233.040353752, 98558.0
1.599217176437378,24.0, 98564, 233.040353752, 98558.0
1.6013920307159424,24.0, 98564, 233.040353752, 98558.0
1.6032791137695312,24.0, 98564, 233.040353752, 98558.0
1.6055312156677246,24.0, 98564, 233.040353752, 98558.0
1.6093289852142334,24.0, 98564, 233.040353752, 98558.0
1.6122870445251465,24.0, 98564, 233.040353752, 98558.0
1.6153650283813477,24.0, 98564, 233.040353752, 98558.0
1.6184380054473877,24.0, 98564, 233.040353752, 98558.0
1.6281170845031738,24.0, 98566, 232.784928192, 98563.0
1.6297240257263184,24.0, 98566, 232.784928192, 98563.0
1.6313321590423584,24.0, 98566, 232.784928192, 98563.0
1.6327331066131592,24.0, 98566, 232.784928192, 98563.0
1.635085105895996,24.0, 98566, 232.784928192, 98563.0
1.6380641460418701,24.0, 98566, 232.784928192, 98563.0
1.6418371200561523,24.0, 98566, 232.784928192, 98563.0
1.6446161270141602,24.0, 98566, 232.784928192, 98563.0
1.6469991207122803,24.0, 98566, 232.784928192, 98563.0
1.648752212524414,24.0, 98566, 232.784928192, 98563.0
1.6505441665649414,24.0, 98566, 232.784928192, 98563.0
1.6525452136993408,24.0, 98566, 232.784928192, 98563.0
1.6543431282043457,24.0, 98566, 232.784928192, 98563.0
1.6596570014953613,24.0, 98566, 232.784928192, 98563.0
1.6618821620941162,24.0, 98566, 232.784928192, 98563.0
1.6636581420898438,24.0, 98566, 232.784928192, 98563.0
1.6652979850769043,24.0, 98566, 232.784928192, 98563.0
1.6690921783447266,24.0, 98566, 232.784928192, 98563.0
1.6730031967163086,24.0, 98566, 232.784928192, 98563.0
1.6753900051116943,24.0, 98566, 232.784928192, 98563.0
1.6776320934295654,24.0, 98566, 232.784928192, 98563.0
1.6796190738677979,24.0, 98566, 232.784928192, 98563.0
1.6816480159759521,24.0, 98566, 232.784928192, 98563.0
1.6827762126922607,24.0, 98566, 232.784928192, 98563.0
1.6839702129364014,24.0, 98566, 232.784928192, 98563.0
1.6852459907531738,24.0, 98566, 232.784928192, 98563.0
1.6865739822387695,24.0, 98566, 232.784928192, 98563.0
1.687610149383545,24.0, 98566, 232.784928192, 98563.0
1.6887891292572021,24.0, 98566, 232.784928192, 98563.0
1.6897850036621094,24.0, 98566, 232.784928192, 98563.0
1.6907451152801514,24.0, 98566, 232.784928192, 98563.0
1.6919291019439697,24.0, 98566, 232.784928192, 98563.0
1.693721055984497,24.0, 98566, 232.784928192, 98563.0
1.695451021194458,24.0, 98566, 232.784928192, 98563.0
1.697538137435913,24.0, 98566, 232.784928192, 98563.0
1.700918197631836,24.0, 98566, 232.784928192, 98563.0
1.704483985900879,24.0, 98566, 232.784928192, 98563.0
1.708571195602417,24.0, 98566, 232.784928192, 98563.0
1.7113711833953857,24.0, 98566, 232.784928192, 98563.0
1.713501214981079,24.0, 98566, 232.784928192, 98563.0
1.7153081893920898,24.0, 98566, 232.784928192, 98563.0
1.7170732021331787,24.0, 98566, 232.784928192, 98563.0
1.7225871086120605,24.0, 98566, 232.784928192, 98563.0
1.7247920036315918,24.0, 98566, 232.784928192, 98563.0
1.7303440570831299,23.9, 98585, 231.933555122, 98564.0
1.7325291633605957,23.9, 98585, 231.933555122, 98564.0
1.737429141998291,23.9, 98585, 231.933555122, 98564.0
1.7403550148010254,23.9, 98585, 231.933555122, 98564.0
1.7429862022399902,23.9, 98585, 231.933555122, 98564.0
1.7449932098388672,23.9, 98585, 231.933555122, 98564.0
1.7464702129364014,23.9, 98585, 231.933555122, 98564.0
1.7480599880218506,23.9, 98585, 231.933555122, 98564.0
1.7499210834503174,23.9, 98585, 231.933555122, 98564.0
1.752073049545288,23.9, 98585, 231.933555122, 98564.0
1.7540571689605713,23.9, 98585, 231.933555122, 98564.0
1.755967140197754,23.9, 98585, 231.933555122, 98564.0
1.7619922161102295,23.9, 98585, 231.933555122, 98564.0
1.7650141716003418,23.9, 98585, 231.933555122, 98564.0
1.7676072120666504,23.9, 98585, 231.933555122, 98564.0
1.7706780433654785,23.9, 98585, 231.933555122, 98564.0
1.772495985031128,23.9, 98585, 231.933555122, 98564.0
1.7741901874542236,23.9, 98585, 231.933555122, 98564.0
1.7755742073059082,23.9, 98585, 231.933555122, 98564.0
1.7766661643981934,23.9, 98585, 231.933555122, 98564.0
1.7777700424194336,23.9, 98585, 231.933555122, 98564.0
1.778764009475708,23.9, 98585, 231.933555122, 98564.0
1.7797541618347168,23.9, 98585, 231.933555122, 98564.0
1.7808411121368408,23.9, 98585, 231.933555122, 98564.0
1.781879186630249,23.9, 98585, 231.933555122, 98564.0
1.7829210758209229,23.9, 98585, 231.933555122, 98564.0
1.7845821380615234,23.9, 98585, 231.933555122, 98564.0
1.786440134048462,23.9, 98585, 231.933555122, 98564.0
1.7883961200714111,23.9, 98585, 231.933555122, 98564.0
1.790837049484253,23.9, 98585, 231.933555122, 98564.0
1.7937111854553223,23.9, 98585, 231.933555122, 98564.0
1.797694206237793,23.9, 98585, 231.933555122, 98564.0
1.8007750511169434,23.9, 98585, 231.933555122, 98564.0
1.8033480644226074,23.9, 98585, 231.933555122, 98564.0
1.8055880069732666,23.9, 98585, 231.933555122, 98564.0
1.807251214981079,23.9, 98585, 231.933555122, 98564.0
1.8095431327819824,23.9, 98585, 231.933555122, 98564.0
1.8114590644836426,23.9, 98585, 231.933555122, 98564.0
1.8130559921264648,23.9, 98585, 231.933555122, 98564.0
1.8152930736541748,23.9, 98585, 231.933555122, 98564.0
1.8169031143188477,23.9, 98585, 231.933555122, 98564.0
1.820439100265503,23.9, 98585, 231.933555122, 98564.0
1.832313060760498,24.0, 98564, 232.529508927, 98567.0
1.835172176361084,24.0, 98564, 232.529508927, 98567.0
1.8368191719055176,24.0, 98564, 232.529508927, 98567.0
1.8385000228881836,24.0, 98564, 232.529508927, 98567.0
1.8402299880981445,24.0, 98564, 232.529508927, 98567.0
1.842217206954956,24.0, 98564, 232.529508927, 98567.0
1.8440830707550049,24.0, 98564, 232.529508927, 98567.0
1.845839023590088,24.0, 98564, 232.529508927, 98567.0
1.847316026687622,24.0, 98564, 232.529508927, 98567.0
1.8492250442504883,24.0, 98564, 232.529508927, 98567.0
1.8518340587615967,24.0, 98564, 232.529508927, 98567.0
1.8558330535888672,24.0, 98564, 232.529508927, 98567.0
1.8631360530853271,24.0, 98564, 232.529508927, 98567.0
1.8650641441345215,24.0, 98564, 232.529508927, 98567.0
1.8661680221557617,24.0, 98564, 232.529508927, 98567.0
1.867605209350586,24.0, 98564, 232.529508927, 98567.0
1.8687770366668701,24.0, 98564, 232.529508927, 98567.0
1.8698041439056396,24.0, 98564, 232.529508927, 98567.0
1.8707990646362305,24.0, 98564, 232.529508927, 98567.0
1.8718581199645996,24.0, 98564, 232.529508927, 98567.0
1.8729171752929688,24.0, 98564, 232.529508927, 98567.0
1.8745131492614746,24.0, 98564, 232.529508927, 98567.0
1.8756670951843262,24.0, 98564, 232.529508927, 98567.0
1.8768370151519775,24.0, 98564, 232.529508927, 98567.0
1.8777861595153809,24.0, 98564, 232.529508927, 98567.0
1.8786671161651611,24.0, 98564, 232.529508927, 98567.0
1.8797581195831299,24.0, 98564, 232.529508927, 98567.0
1.881525993347168,24.0, 98564, 232.529508927, 98567.0
1.883817195892334,24.0, 98564, 232.529508927, 98567.0
1.8864572048187256,24.0, 98564, 232.529508927, 98567.0
1.8882842063903809,24.0, 98564, 232.529508927, 98567.0
1.8898780345916748,24.0, 98564, 232.529508927, 98567.0
1.8914930820465088,24.0, 98564, 232.529508927, 98567.0
1.8935551643371582,24.0, 98564, 232.529508927, 98567.0
1.8965661525726318,24.0, 98564, 232.529508927, 98567.0
1.899496078491211,24.0, 98564, 232.529508927, 98567.0
1.9019880294799805,24.0, 98564, 232.529508927, 98567.0
1.9044442176818848,24.0, 98564, 232.529508927, 98567.0
1.9060611724853516,24.0, 98564, 232.529508927, 98567.0
1.90773606300354,24.0, 98564, 232.529508927, 98567.0
1.909776210784912,24.0, 98564, 232.529508927, 98567.0
1.911764144897461,24.0, 98564, 232.529508927, 98567.0
1.9139301776885986,24.0, 98564, 232.529508927, 98567.0
1.9163131713867188,24.0, 98564, 232.529508927, 98567.0
1.9190270900726318,24.0, 98564, 232.529508927, 98567.0
1.923943042755127,24.0, 98564, 232.529508927, 98567.0
1.93501615524292,24.0, 98561, 233.040353752, 98561.0
1.9384779930114746,24.0, 98561, 233.040353752, 98561.0
1.940580129623413,24.0, 98561, 233.040353752, 98561.0
1.9453561305999756,24.0, 98561, 233.040353752, 98561.0
1.9482581615447998,24.0, 98561, 233.040353752, 98561.0
1.9535841941833496,24.0, 98561, 233.040353752, 98561.0
1.9553589820861816,24.0, 98561, 233.040353752, 98561.0
1.9624290466308594,24.0, 98561, 233.040353752, 98561.0
1.964583158493042,24.0, 98561, 233.040353752, 98561.0
1.9662292003631592,24.0, 98561, 233.040353752, 98561.0
1.9681429862976074,24.0, 98561, 233.040353752, 98561.0
1.9699201583862305,24.0, 98561, 233.040353752, 98561.0
1.9714210033416748,24.0, 98561, 233.040353752, 98561.0
1.9731671810150146,24.0, 98561, 233.040353752, 98561.0
1.9772300720214844,24.0, 98561, 233.040353752, 98561.0
1.9793860912322998,24.0, 98561, 233.040353752, 98561.0
1.9822630882263184,24.0, 98561, 233.040353752, 98561.0
1.9838190078735352,24.0, 98561, 233.040353752, 98561.0
1.9849460124969482,24.0, 98561, 233.040353752, 98561.0
1.9862680435180664,24.0, 98561, 233.040353752, 98561.0
1.987654209136963,24.0, 98561, 233.040353752, 98561.0
1.9888591766357422,24.0, 98561, 233.040353752, 98561.0
1.990605115890503,24.0, 98561, 233.040353752, 98561.0
1.9924380779266357,24.0, 98561, 233.040353752, 98561.0
1.9949331283569336,24.0, 98561, 233.040353752, 98561.0
1.9966790676116943,24.0, 98561, 233.040353752, 98561.0
1.9986600875854492,24.0, 98561, 233.040353752, 98561.0
2.0005271434783936,24.0, 98561, 233.040353752, 98561.0
2.002174139022827,24.0, 98561, 233.040353752, 98561.0
2.00484299659729,24.0, 98561, 233.040353752, 98561.0
2.007005214691162,24.0, 98561, 233.040353752, 98561.0
2.010641098022461,24.0, 98561, 233.040353752, 98561.0
2.0147581100463867,24.0, 98561, 233.040353752, 98561.0
2.0179901123046875,24.0, 98561, 233.040353752, 98561.0
2.020550012588501,24.0, 98561, 233.040353752, 98561.0
2.026898145675659,24.0, 98561, 233.040353752, 98561.0
2.0331151485443115,24.0, 98550, 232.955211199, 98561.0
2.037767171859741,24.0, 98550, 232.955211199, 98561.0
2.0411171913146973,24.0, 98550, 232.955211199, 98561.0
2.0446271896362305,24.0, 98550, 232.955211199, 98561.0
2.0464839935302734,24.0, 98550, 232.955211199, 98561.0
2.048086166381836,24.0, 98550, 232.955211199, 98561.0
2.0499491691589355,24.0, 98550, 232.955211199, 98561.0
2.051751136779785,24.0, 98550, 232.955211199, 98561.0
2.0538790225982666,24.0, 98550, 232.955211199, 98561.0
2.0562829971313477,24.0, 98550, 232.955211199, 98561.0
2.0628280639648438,24.0, 98550, 232.955211199, 98561.0
2.0660531520843506,24.0, 98550, 232.955211199, 98561.0
2.072031021118164,24.0, 98550, 232.955211199, 98561.0
2.0760672092437744,24.0, 98550, 232.955211199, 98561.0
2.077939033508301,24.0, 98550, 232.955211199, 98561.0
2.079158067703247,24.0, 98550, 232.955211199, 98561.0
2.080280065536499,24.0, 98550, 232.955211199, 98561.0
2.081350088119507,24.0, 98550, 232.955211199, 98561.0
2.0825090408325195,24.0, 98550, 232.955211199, 98561.0
2.083801031112671,24.0, 98550, 232.955211199, 98561.0
2.085569143295288,24.0, 98550, 232.955211199, 98561.0
2.0871641635894775,24.0, 98550, 232.955211199, 98561.0
2.08856201171875,24.0, 98550, 232.955211199, 98561.0
2.089677095413208,24.0, 98550, 232.955211199, 98561.0
2.0909252166748047,24.0, 98550, 232.955211199, 98561.0
2.0922470092773438,24.0, 98550, 232.955211199, 98561.0
2.0938332080841064,24.0, 98550, 232.955211199, 98561.0
2.0954720973968506,24.0, 98550, 232.955211199, 98561.0
2.098729133605957,24.0, 98550, 232.955211199, 98561.0
2.101452112197876,24.0, 98550, 232.955211199, 98561.0
2.1048991680145264,24.0, 98550, 232.955211199, 98561.0
2.106579065322876,24.0, 98550, 232.955211199, 98561.0
2.1077451705932617,24.0, 98550, 232.955211199, 98561.0
2.1088151931762695,24.0, 98550, 232.955211199, 98561.0
2.1103060245513916,24.0, 98550, 232.955211199, 98561.0
2.1117701530456543,24.0, 98550, 232.955211199, 98561.0
2.113037109375,24.0, 98550, 232.955211199, 98561.0
2.1147520542144775,24.0, 98550, 232.955211199, 98561.0
2.1160881519317627,24.0, 98550, 232.955211199, 98561.0
2.117302179336548,24.0, 98550, 232.955211199, 98561.0
2.1226401329040527,24.0, 98550, 232.955211199, 98561.0
2.1247591972351074,24.0, 98550, 232.955211199, 98561.0
2.132296085357666,24.0, 98567, 232.274095957, 98564.0
2.1350860595703125,24.0, 98567, 232.274095957, 98564.0
2.136507987976074,24.0, 98567, 232.274095957, 98564.0
2.137883186340332,24.0, 98567, 232.274095957, 98564.0
2.140137195587158,24.0, 98567, 232.274095957, 98564.0
2.141983985900879,24.0, 98567, 232.274095957, 98564.0
2.144207000732422,24.0, 98567, 232.274095957, 98564.0
2.1456961631774902,24.0, 98567, 232.274095957, 98564.0
2.147097110748291,24.0, 98567, 232.274095957, 98564.0
2.148627996444702,24.0, 98567, 232.274095957, 98564.0
2.150379180908203,24.0, 98567, 232.274095957, 98564.0
2.152151107788086,24.0, 98567, 232.274095957, 98564.0
2.1543171405792236,24.0, 98567, 232.274095957, 98564.0
2.156633138656616,24.0, 98567, 232.274095957, 98564.0
2.164915084838867,24.0, 98567, 232.274095957, 98564.0
2.168325185775757,24.0, 98567, 232.274095957, 98564.0
2.1713991165161133,24.0, 98567, 232.274095957, 98564.0
2.173192024230957,24.0, 98567, 232.274095957, 98564.0
2.1753110885620117,24.0, 98567, 232.274095957, 98564.0
2.1769771575927734,24.0, 98567, 232.274095957, 98564.0
2.1787099838256836,24.0, 98567, 232.274095957, 98564.0
2.180270195007324,24.0, 98567, 232.274095957, 98564.0
2.1818151473999023,24.0, 98567, 232.274095957, 98564.0
2.183723211288452,24.0, 98567, 232.274095957, 98564.0
2.1852381229400635,24.0, 98567, 232.274095957, 98564.0
2.1870760917663574,24.0, 98567, 232.274095957, 98564.0
2.1907811164855957,24.0, 98567, 232.274095957, 98564.0
2.194958209991455,24.0, 98567, 232.274095957, 98564.0
2.1982431411743164,24.0, 98567, 232.274095957, 98564.0
2.200244188308716,24.0, 98567, 232.274095957, 98564.0
2.2020370960235596,24.0, 98567, 232.274095957, 98564.0
2.2040600776672363,24.0, 98567, 232.274095957, 98564.0
2.2062811851501465,24.0, 98567, 232.274095957, 98564.0
2.208515167236328,24.0, 98567, 232.274095957, 98564.0
2.211358070373535,24.0, 98567, 232.274095957, 98564.0
2.2132680416107178,24.0, 98567, 232.274095957, 98564.0
2.2152020931243896,24.0, 98567, 232.274095957, 98564.0
2.2173972129821777,24.0, 98567, 232.274095957, 98564.0
2.219877004623413,24.0, 98567, 232.274095957, 98564.0
2.224781036376953,24.0, 98567, 232.274095957, 98564.0
2.228638172149658,24.0, 98567, 232.274095957, 98564.0
2.2388510704040527,24.0, 98566, 232.444370571, 98557.0
2.2403781414031982,24.0, 98566, 232.444370571, 98557.0
2.241762161254883,24.0, 98566, 232.444370571, 98557.0
2.242875099182129,24.0, 98566, 232.444370571, 98557.0
2.244296073913574,24.0, 98566, 232.444370571, 98557.0
2.2454891204833984,24.0, 98566, 232.444370571, 98557.0
2.2466840744018555,24.0, 98566, 232.444370571, 98557.0
2.248253107070923,24.0, 98566, 232.444370571, 98557.0
2.2523891925811768,24.0, 98566, 232.444370571, 98557.0
2.2553420066833496,24.0, 98566, 232.444370571, 98557.0
2.258019208908081,24.0, 98566, 232.444370571, 98557.0
2.2660961151123047,24.0, 98566, 232.444370571, 98557.0
2.268092155456543,24.0, 98566, 232.444370571, 98557.0
2.269801139831543,24.0, 98566, 232.444370571, 98557.0
2.2715370655059814,24.0, 98566, 232.444370571, 98557.0
2.2732620239257812,24.0, 98566, 232.444370571, 98557.0
2.275621175765991,24.0, 98566, 232.444370571, 98557.0
2.2772090435028076,24.0, 98566, 232.444370571, 98557.0
2.2790989875793457,24.0, 98566, 232.444370571, 98557.0
2.2815442085266113,24.0, 98566, 232.444370571, 98557.0
2.286586046218872,24.0, 98566, 232.444370571, 98557.0
2.2903029918670654,24.0, 98566, 232.444370571, 98557.0
2.2926461696624756,24.0, 98566, 232.444370571, 98557.0
2.2945311069488525,24.0, 98566, 232.444370571, 98557.0
2.296215057373047,24.0, 98566, 232.444370571, 98557.0
2.297861099243164,24.0, 98566, 232.444370571, 98557.0
2.299668073654175,24.0, 98566, 232.444370571, 98557.0
2.301377058029175,24.0, 98566, 232.444370571, 98557.0
2.303032159805298,24.0, 98566, 232.444370571, 98557.0
2.3051681518554688,24.0, 98566, 232.444370571, 98557.0
2.3071792125701904,24.0, 98566, 232.444370571, 98557.0
2.3088901042938232,24.0, 98566, 232.444370571, 98557.0
2.3109161853790283,24.0, 98566, 232.444370571, 98557.0
2.3131802082061768,24.0, 98566, 232.444370571, 98557.0
2.3174190521240234,24.0, 98566, 232.444370571, 98557.0
2.3216471672058105,24.0, 98566, 232.444370571, 98557.0
2.3347480297088623,24.0, 98561, 232.529508927, 98566.0
2.3367741107940674,24.0, 98561, 232.529508927, 98566.0
2.339423179626465,24.0, 98561, 232.529508927, 98566.0
2.3426620960235596,24.0, 98561, 232.529508927, 98566.0
2.3466122150421143,24.0, 98561, 232.529508927, 98566.0
2.350515127182007,24.0, 98561, 232.529508927, 98566.0
2.352224111557007,24.0, 98561, 232.529508927, 98566.0
2.3537490367889404,24.0, 98561, 232.529508927, 98566.0
2.3551361560821533,24.0, 98561, 232.529508927, 98566.0
2.356370210647583,24.0, 98561, 232.529508927, 98566.0
2.3623340129852295,24.0, 98561, 232.529508927, 98566.0
2.363981008529663,24.0, 98561, 232.529508927, 98566.0
2.365339994430542,24.0, 98561, 232.529508927, 98566.0
2.3665380477905273,24.0, 98561, 232.529508927, 98566.0
2.3680830001831055,24.0, 98561, 232.529508927, 98566.0
2.3692681789398193,24.0, 98561, 232.529508927, 98566.0
2.3705320358276367,24.0, 98561, 232.529508927, 98566.0
2.372253179550171,24.0, 98561, 232.529508927, 98566.0
2.376378059387207,24.0, 98561, 232.529508927, 98566.0
2.379300117492676,24.0, 98561, 232.529508927, 98566.0
2.38185715675354,24.0, 98561, 232.529508927, 98566.0
2.3839221000671387,24.0, 98561, 232.529508927, 98566.0
2.3862340450286865,24.0, 98561, 232.529508927, 98566.0
2.3881521224975586,24.0, 98561, 232.529508927, 98566.0
2.389949083328247,24.0, 98561, 232.529508927, 98566.0
2.391693115234375,24.0, 98561, 232.529508927, 98566.0
2.394087076187134,24.0, 98561, 232.529508927, 98566.0
2.3959801197052,24.0, 98561, 232.529508927, 98566.0
2.397773027420044,24.0, 98561, 232.529508927, 98566.0
2.3995020389556885,24.0, 98561, 232.529508927, 98566.0
2.4015390872955322,24.0, 98561, 232.529508927, 98566.0
2.4044291973114014,24.0, 98561, 232.529508927, 98566.0
2.4073472023010254,24.0, 98561, 232.529508927, 98566.0
2.412187099456787,24.0, 98561, 232.529508927, 98566.0
2.4165990352630615,24.0, 98561, 232.529508927, 98566.0
2.41862416267395,24.0, 98561, 232.529508927, 98566.0
2.420793056488037,24.0, 98561, 232.529508927, 98566.0
2.4342851638793945,24.0, 98555, 232.955211199, 98573.0
2.4386651515960693,24.0, 98555, 232.955211199, 98573.0
2.442963123321533,24.0, 98555, 232.955211199, 98573.0
2.4450511932373047,24.0, 98555, 232.955211199, 98573.0
2.4468350410461426,24.0, 98555, 232.955211199, 98573.0
2.448751211166382,24.0, 98555, 232.955211199, 98573.0
2.451007127761841,24.0, 98555, 232.955211199, 98573.0
2.452874183654785,24.0, 98555, 232.955211199, 98573.0
2.454831123352051,24.0, 98555, 232.955211199, 98573.0
2.457080125808716,24.0, 98555, 232.955211199, 98573.0
2.463731050491333,24.0, 98555, 232.955211199, 98573.0
2.467725992202759,24.0, 98555, 232.955211199, 98573.0
2.4717981815338135,24.0, 98555, 232.955211199, 98573.0
2.475013017654419,24.0, 98555, 232.955211199, 98573.0
2.4766972064971924,24.0, 98555, 232.955211199, 98573.0
2.477966070175171,24.0, 98555, 232.955211199, 98573.0
2.479063034057617,24.0, 98555, 232.955211199, 98573.0
2.480201005935669,24.0, 98555, 232.955211199, 98573.0
2.4815571308135986,24.0, 98555, 232.955211199, 98573.0
2.4830801486968994,24.0, 98555, 232.955211199, 98573.0
2.4845361709594727,24.0, 98555, 232.955211199, 98573.0
2.485992193222046,24.0, 98555, 232.955211199, 98573.0
2.4874680042266846,24.0, 98555, 232.955211199, 98573.0
2.4887561798095703,24.0, 98555, 232.955211199, 98573.0
2.490032196044922,24.0, 98555, 232.955211199, 98573.0
2.491223096847534,24.0, 98555, 232.955211199, 98573.0
2.4928390979766846,24.0, 98555, 232.955211199, 98573.0
2.4947221279144287,24.0, 98555, 232.955211199, 98573.0
2.4981751441955566,24.0, 98555, 232.955211199, 98573.0
2.501121997833252,24.0, 98555, 232.955211199, 98573.0
2.504695177078247,24.0, 98555, 232.955211199, 98573.0
2.5066781044006348,24.0, 98555, 232.955211199, 98573.0
2.5086300373077393,24.0, 98555, 232.955211199, 98573.0
2.510982036590576,24.0, 98555, 232.955211199, 98573.0
2.513047218322754,24.0, 98555, 232.955211199, 98573.0
2.5151259899139404,24.0, 98555, 232.955211199, 98573.0
2.5170559883117676,24.0, 98555, 232.955211199, 98573.0
2.51934814453125,24.0, 98555, 232.955211199, 98573.0
2.5264711380004883,24.0, 98555, 232.955211199, 98573.0
2.5329182147979736,24.0, 98547, 232.188959699, 98567.0
2.5381181240081787,24.0, 98547, 232.188959699, 98567.0
2.542152166366577,24.0, 98547, 232.188959699, 98567.0
2.5446391105651855,24.0, 98547, 232.188959699, 98567.0
2.5464181900024414,24.0, 98547, 232.188959699, 98567.0
2.54809308052063,24.0, 98547, 232.188959699, 98567.0
2.549959182739258,24.0, 98547, 232.188959699, 98567.0
2.5521600246429443,24.0, 98547, 232.188959699, 98567.0
2.554241180419922,24.0, 98547, 232.188959699, 98567.0
2.556469202041626,24.0, 98547, 232.188959699, 98567.0
2.5630249977111816,24.0, 98547, 232.188959699, 98567.0
2.568598985671997,24.0, 98547, 232.188959699, 98567.0
2.573415994644165,24.0, 98547, 232.188959699, 98567.0
2.5766282081604004,24.0, 98547, 232.188959699, 98567.0
2.579761028289795,24.0, 98547, 232.188959699, 98567.0
2.5822110176086426,24.0, 98547, 232.188959699, 98567.0
2.584459066390991,24.0, 98547, 232.188959699, 98567.0
2.58787202835083,24.0, 98547, 232.188959699, 98567.0
2.5902721881866455,24.0, 98547, 232.188959699, 98567.0
2.595668077468872,24.0, 98547, 232.188959699, 98567.0
2.59855318069458,24.0, 98547, 232.188959699, 98567.0
2.601938009262085,24.0, 98547, 232.188959699, 98567.0
2.6038451194763184,24.0, 98547, 232.188959699, 98567.0
2.60555100440979,24.0, 98547, 232.188959699, 98567.0
2.6071321964263916,24.0, 98547, 232.188959699, 98567.0
2.6088030338287354,24.0, 98547, 232.188959699, 98567.0
2.610305070877075,24.0, 98547, 232.188959699, 98567.0
2.6127841472625732,24.0, 98547, 232.188959699, 98567.0
2.6152141094207764,24.0, 98547, 232.188959699, 98567.0
2.626777172088623,24.0, 98547, 232.188959699, 98567.0
2.641012191772461,24.0, 98552, 231.507894813, 98569.0
2.643794059753418,24.0, 98552, 231.507894813, 98569.0
2.646160125732422,24.0, 98552, 231.507894813, 98569.0
2.6485180854797363,24.0, 98552, 231.507894813, 98569.0
2.6521520614624023,24.0, 98552, 231.507894813, 98569.0
2.663008213043213,24.0, 98552, 231.507894813, 98569.0
2.668877124786377,24.0, 98552, 231.507894813, 98569.0
2.67189621925354,24.0, 98552, 231.507894813, 98569.0
2.67467999458313,24.0, 98552, 231.507894813, 98569.0
2.6770591735839844,24.0, 98552, 231.507894813, 98569.0
2.6788370609283447,24.0, 98552, 231.507894813, 98569.0
2.6807150840759277,24.0, 98552, 231.507894813, 98569.0
2.6830251216888428,24.0, 98552, 231.507894813, 98569.0
2.6901450157165527,24.0, 98552, 231.507894813, 98569.0
2.6955502033233643,24.0, 98552, 231.507894813, 98569.0
2.696906089782715,24.0, 98552, 231.507894813, 98569.0
2.698076009750366,24.0, 98552, 231.507894813, 98569.0
2.699336051940918,24.0, 98552, 231.507894813, 98569.0
2.7011191844940186,24.0, 98552, 231.507894813, 98569.0
2.702536106109619,24.0, 98552, 231.507894813, 98569.0
2.7052831649780273,24.0, 98552, 231.507894813, 98569.0
2.706752061843872,24.0, 98552, 231.507894813, 98569.0
2.7082149982452393,24.0, 98552, 231.507894813, 98569.0
2.711278200149536,24.0, 98552, 231.507894813, 98569.0
2.715665102005005,24.0, 98552, 231.507894813, 98569.0
2.732518196105957,24.0, 98558, 232.529508927, 98560.0
2.7372779846191406,24.0, 98558, 232.529508927, 98560.0
2.7398581504821777,24.0, 98558, 232.529508927, 98560.0
2.7420761585235596,24.0, 98558, 232.529508927, 98560.0
2.744732141494751,24.0, 98558, 232.529508927, 98560.0
2.7492661476135254,24.0, 98558, 232.529508927, 98560.0
2.7530691623687744,24.0, 98558, 232.529508927, 98560.0
2.7568721771240234,24.0, 98558, 232.529508927, 98560.0
2.764247179031372,24.0, 98558, 232.529508927, 98560.0
2.7662370204925537,24.0, 98558, 232.529508927, 98560.0
2.7684521675109863,24.0, 98558, 232.529508927, 98560.0
2.7713050842285156,24.0, 98558, 232.529508927, 98560.0
2.7735610008239746,24.0, 98558, 232.529508927, 98560.0
2.7765040397644043,24.0, 98558, 232.529508927, 98560.0
2.7827470302581787,24.0, 98558, 232.529508927, 98560.0
2.7873520851135254,24.0, 98558, 232.529508927, 98560.0
2.7895030975341797,24.0, 98558, 232.529508927, 98560.0
2.7919881343841553,24.0, 98558, 232.529508927, 98560.0
2.7938292026519775,24.0, 98558, 232.529508927, 98560.0
2.795718193054199,24.0, 98558, 232.529508927, 98560.0
2.7973241806030273,24.0, 98558, 232.529508927, 98560.0
2.7990992069244385,24.0, 98558, 232.529508927, 98560.0
2.8009932041168213,24.0, 98558, 232.529508927, 98560.0
2.80271315574646,24.0, 98558, 232.529508927, 98560.0
2.8046882152557373,24.0, 98558, 232.529508927, 98560.0
2.8066210746765137,24.0, 98558, 232.529508927, 98560.0
2.810291051864624,24.0, 98558, 232.529508927, 98560.0
2.8152520656585693,24.0, 98558, 232.529508927, 98560.0
2.818157196044922,24.0, 98558, 232.529508927, 98560.0
2.825562000274658,24.0, 98558, 232.529508927, 98560.0
2.833325147628784,24.0, 98557, 230.486381393, 98572.0
2.8356781005859375,24.0, 98557, 230.486381393, 98572.0
2.8380990028381348,24.0, 98557, 230.486381393, 98572.0
2.8441271781921387,24.0, 98557, 230.486381393, 98572.0
2.84810209274292,24.0, 98557, 230.486381393, 98572.0
2.8509280681610107,24.0, 98557, 230.486381393, 98572.0
2.8531761169433594,24.0, 98557, 230.486381393, 98572.0
2.8553171157836914,24.0, 98557, 230.486381393, 98572.0
2.862251043319702,24.0, 98557, 230.486381393, 98572.0
2.8647680282592773,24.0, 98557, 230.486381393, 98572.0
2.8675670623779297,24.0, 98557, 230.486381393, 98572.0
2.871579170227051,24.0, 98557, 230.486381393, 98572.0
2.8774499893188477,24.0, 98557, 230.486381393, 98572.0
2.880657196044922,24.0, 98557, 230.486381393, 98572.0
2.8826911449432373,24.0, 98557, 230.486381393, 98572.0
2.885834217071533,24.0, 98557, 230.486381393, 98572.0
2.8882291316986084,24.0, 98557, 230.486381393, 98572.0
2.890327215194702,24.0, 98557, 230.486381393, 98572.0
2.892296075820923,24.0, 98557, 230.486381393, 98572.0
2.8946101665496826,24.0, 98557, 230.486381393, 98572.0
2.897538185119629,24.0, 98557, 230.486381393, 98572.0
2.899538040161133,24.0, 98557, 230.486381393, 98572.0
2.903693199157715,24.0, 98557, 230.486381393, 98572.0
2.9068222045898438,24.0, 98557, 230.486381393, 98572.0
2.910269021987915,24.0, 98557, 230.486381393, 98572.0
2.912101984024048,24.0, 98557, 230.486381393, 98572.0
2.9139862060546875,24.0, 98557, 230.486381393, 98572.0
2.9168901443481445,24.0, 98557, 230.486381393, 98572.0
2.9187560081481934,24.0, 98557, 230.486381393, 98572.0
2.925474166870117,24.0, 98557, 230.486381393, 98572.0
2.927467107772827,24.0, 98557, 230.486381393, 98572.0
2.934185028076172,24.0, 98584, 231.422764849, 98566.0
2.9378621578216553,24.0, 98584, 231.422764849, 98566.0
2.9404540061950684,24.0, 98584, 231.422764849, 98566.0
2.9433372020721436,24.0, 98584, 231.422764849, 98566.0
2.9477851390838623,24.0, 98584, 231.422764849, 98566.0
2.9500880241394043,24.0, 98584, 231.422764849, 98566.0
2.952202081680298,24.0, 98584, 231.422764849, 98566.0
2.9548401832580566,24.0, 98584, 231.422764849, 98566.0
2.9571521282196045,24.0, 98584, 231.422764849, 98566.0
2.959487199783325,24.0, 98584, 231.422764849, 98566.0
2.9704830646514893,24.0, 98584, 231.422764849, 98566.0
2.9726221561431885,24.0, 98584, 231.422764849, 98566.0
2.9751269817352295,24.0, 98584, 231.422764849, 98566.0
2.977199077606201,24.0, 98584, 231.422764849, 98566.0
2.9789741039276123,24.0, 98584, 231.422764849, 98566.0
2.9808621406555176,24.0, 98584, 231.422764849, 98566.0
2.9827420711517334,24.0, 98584, 231.422764849, 98566.0
2.9849300384521484,24.0, 98584, 231.422764849, 98566.0
2.9868760108947754,24.0, 98584, 231.422764849, 98566.0
2.989006996154785,24.0, 98584, 231.422764849, 98566.0
2.9935081005096436,24.0, 98584, 231.422764849, 98566.0
2.99798321723938,24.0, 98584, 231.422764849, 98566.0
3.0015130043029785,24.0, 98584, 231.422764849, 98566.0
3.00372314453125,24.0, 98584, 231.422764849, 98566.0
3.005796194076538,24.0, 98584, 231.422764849, 98566.0
3.0085341930389404,24.0, 98584, 231.422764849, 98566.0
3.011275053024292,24.0, 98584, 231.422764849, 98566.0
3.0134520530700684,24.0, 98584, 231.422764849, 98566.0
3.0156772136688232,24.0, 98584, 231.422764849, 98566.0
3.0189990997314453,24.0, 98584, 231.422764849, 98566.0
3.0217971801757812,24.0, 98584, 231.422764849, 98566.0
3.0271291732788086,24.0, 98584, 231.422764849, 98566.0
3.034271001815796,24.0, 98584, 231.422764849, 98566.0
3.0438430309295654,24.0, 98564, 232.784928192, 98585.0
3.045293092727661,24.0, 98564, 232.784928192, 98585.0
3.04704213142395,24.0, 98564, 232.784928192, 98585.0
3.0496511459350586,24.0, 98564, 232.784928192, 98585.0
3.052722215652466,24.0, 98564, 232.784928192, 98585.0
3.0573320388793945,24.0, 98564, 232.784928192, 98585.0
3.067838191986084,24.0, 98564, 232.784928192, 98585.0
3.070024013519287,24.0, 98564, 232.784928192, 98585.0
3.0720341205596924,24.0, 98564, 232.784928192, 98585.0
3.07509708404541,24.0, 98564, 232.784928192, 98585.0
3.0775091648101807,24.0, 98564, 232.784928192, 98585.0
3.079961061477661,24.0, 98564, 232.784928192, 98585.0
3.0838751792907715,24.0, 98564, 232.784928192, 98585.0
3.088827133178711,24.0, 98564, 232.784928192, 98585.0
3.0927560329437256,24.0, 98564, 232.784928192, 98585.0
3.0954430103302,24.0, 98564, 232.784928192, 98585.0
3.0973432064056396,24.0, 98564, 232.784928192, 98585.0
3.0993611812591553,24.0, 98564, 232.784928192, 98585.0
3.1014370918273926,24.0, 98564, 232.784928192, 98585.0
3.1035420894622803,24.0, 98564, 232.784928192, 98585.0
3.1060640811920166,24.0, 98564, 232.784928192, 98585.0
3.1080410480499268,24.0, 98564, 232.784928192, 98585.0
3.110535144805908,24.0, 98564, 232.784928192, 98585.0
3.113889217376709,24.0, 98564, 232.784928192, 98585.0
3.117717981338501,24.0, 98564, 232.784928192, 98585.0
3.12939715385437,24.0, 98564, 232.784928192, 98585.0
3.137382984161377,24.0, 98555, 232.955211199, 98572.0
3.139500141143799,24.0, 98555, 232.955211199, 98572.0
3.1426570415496826,24.0, 98555, 232.955211199, 98572.0
3.148289203643799,24.0, 98555, 232.955211199, 98572.0
3.1515309810638428,24.0, 98555, 232.955211199, 98572.0
3.1539340019226074,24.0, 98555, 232.955211199, 98572.0
3.1558711528778076,24.0, 98555, 232.955211199, 98572.0
3.162886142730713,24.0, 98555, 232.955211199, 98572.0
3.164811134338379,24.0, 98555, 232.955211199, 98572.0
3.166368007659912,24.0, 98555, 232.955211199, 98572.0
3.168272018432617,24.0, 98555, 232.955211199, 98572.0
3.169865131378174,24.0, 98555, 232.955211199, 98572.0
3.1721231937408447,24.0, 98555, 232.955211199, 98572.0
3.1753320693969727,24.0, 98555, 232.955211199, 98572.0
3.1775500774383545,24.0, 98555, 232.955211199, 98572.0
3.183058023452759,24.0, 98555, 232.955211199, 98572.0
3.187359094619751,24.0, 98555, 232.955211199, 98572.0
3.1900529861450195,24.0, 98555, 232.955211199, 98572.0
3.192185163497925,24.0, 98555, 232.955211199, 98572.0
3.1947810649871826,24.0, 98555, 232.955211199, 98572.0
3.1969521045684814,24.0, 98555, 232.955211199, 98572.0
3.199287176132202,24.0, 98555, 232.955211199, 98572.0
3.2014710903167725,24.0, 98555, 232.955211199, 98572.0
3.204113006591797,24.0, 98555, 232.955211199, 98572.0
3.20699405670166,24.0, 98555, 232.955211199, 98572.0
3.211705207824707,24.0, 98555, 232.955211199, 98572.0
3.216153144836426,24.0, 98555, 232.955211199, 98572.0
3.220299005508423,24.0, 98555, 232.955211199, 98572.0
3.2285351753234863,24.0, 98555, 232.955211199, 98572.0
3.230638027191162,24.0, 98555, 232.955211199, 98572.0
3.232908010482788,24.0, 98555, 232.955211199, 98572.0
3.2368531227111816,24.0, 98555, 232.955211199, 98572.0
3.2465980052948,24.0, 98567, 232.274095957, 98566.0
3.249652147293091,24.0, 98567, 232.274095957, 98566.0
3.2520010471343994,24.0, 98567, 232.274095957, 98566.0
3.2546260356903076,24.0, 98567, 232.274095957, 98566.0
3.2609410285949707,24.0, 98567, 232.274095957, 98566.0
3.262655019760132,24.0, 98567, 232.274095957, 98566.0
3.2650160789489746,24.0, 98567, 232.274095957, 98566.0
3.2712202072143555,24.0, 98567, 232.274095957, 98566.0
3.27432918548584,24.0, 98567, 232.274095957, 98566.0
3.2760581970214844,24.0, 98567, 232.274095957, 98566.0
3.2775230407714844,24.0, 98567, 232.274095957, 98566.0
3.279642105102539,24.0, 98567, 232.274095957, 98566.0
3.281830072402954,24.0, 98567, 232.274095957, 98566.0
3.284558057785034,24.0, 98567, 232.274095957, 98566.0
3.2866880893707275,24.0, 98567, 232.274095957, 98566.0
3.2888550758361816,24.0, 98567, 232.274095957, 98566.0
3.2909600734710693,24.0, 98567, 232.274095957, 98566.0
3.293328046798706,24.0, 98567, 232.274095957, 98566.0
3.2960100173950195,24.0, 98567, 232.274095957, 98566.0
3.3010501861572266,24.0, 98567, 232.274095957, 98566.0
3.3053810596466064,24.0, 98567, 232.274095957, 98566.0
3.3083131313323975,24.0, 98567, 232.274095957, 98566.0
3.3106350898742676,24.0, 98567, 232.274095957, 98566.0
3.312932014465332,24.0, 98567, 232.274095957, 98566.0
3.315113067626953,24.0, 98567, 232.274095957, 98566.0
3.317256212234497,24.0, 98567, 232.274095957, 98566.0
3.330291986465454,24.0, 98572, 232.444370571, 98573.0
3.3346590995788574,24.0, 98572, 232.444370571, 98573.0
3.3389930725097656,24.0, 98572, 232.444370571, 98573.0
3.3432090282440186,24.0, 98572, 232.444370571, 98573.0
3.3454999923706055,24.0, 98572, 232.444370571, 98573.0
3.3476500511169434,24.0, 98572, 232.444370571, 98573.0
3.3499550819396973,24.0, 98572, 232.444370571, 98573.0
3.353278160095215,24.0, 98572, 232.444370571, 98573.0
3.3565070629119873,24.0, 98572, 232.444370571, 98573.0
3.367530107498169,24.0, 98572, 232.444370571, 98573.0
3.3698890209198,24.0, 98572, 232.444370571, 98573.0
3.372066020965576,24.0, 98572, 232.444370571, 98573.0
3.374356985092163,24.0, 98572, 232.444370571, 98573.0
3.3769822120666504,24.0, 98572, 232.444370571, 98573.0
3.3788511753082275,24.0, 98572, 232.444370571, 98573.0
3.3803341388702393,24.0, 98572, 232.444370571, 98573.0
3.38187313079834,24.0, 98572, 232.444370571, 98573.0
3.3834471702575684,24.0, 98572, 232.444370571, 98573.0
3.3853402137756348,24.0, 98572, 232.444370571, 98573.0
3.3886280059814453,24.0, 98572, 232.444370571, 98573.0
3.3935232162475586,24.0, 98572, 232.444370571, 98573.0
3.3966710567474365,24.0, 98572, 232.444370571, 98573.0
3.3987860679626465,24.0, 98572, 232.444370571, 98573.0
3.4017581939697266,24.0, 98572, 232.444370571, 98573.0
3.4046452045440674,24.0, 98572, 232.444370571, 98573.0
3.40682315826416,24.0, 98572, 232.444370571, 98573.0
3.408945083618164,24.0, 98572, 232.444370571, 98573.0
3.411374092102051,24.0, 98572, 232.444370571, 98573.0
3.413748025894165,24.0, 98572, 232.444370571, 98573.0
3.416161060333252,24.0, 98572, 232.444370571, 98573.0
3.4306671619415283,24.0, 98602, 232.699787738, 98564.0
3.4338672161102295,24.0, 98602, 232.699787738, 98564.0
3.436192035675049,24.0, 98602, 232.699787738, 98564.0
3.4381930828094482,24.0, 98602, 232.699787738, 98564.0
3.4401841163635254,24.0, 98602, 232.699787738, 98564.0
3.44282603263855,24.0, 98602, 232.699787738, 98564.0
3.445350170135498,24.0, 98602, 232.699787738, 98564.0
3.447679042816162,24.0, 98602, 232.699787738, 98564.0
3.452038049697876,24.0, 98602, 232.699787738, 98564.0
3.456498146057129,24.0, 98602, 232.699787738, 98564.0
3.466477155685425,24.0, 98602, 232.699787738, 98564.0
3.4685721397399902,24.0, 98602, 232.699787738, 98564.0
3.4715540409088135,24.0, 98602, 232.699787738, 98564.0
3.473928213119507,24.0, 98602, 232.699787738, 98564.0
3.4761030673980713,24.0, 98602, 232.699787738, 98564.0
3.4780521392822266,24.0, 98602, 232.699787738, 98564.0
3.48195219039917,24.0, 98602, 232.699787738, 98564.0
3.4875831604003906,24.0, 98602, 232.699787738, 98564.0
3.4913442134857178,24.0, 98602, 232.699787738, 98564.0
3.4936470985412598,24.0, 98602, 232.699787738, 98564.0
3.4957351684570312,24.0, 98602, 232.699787738, 98564.0
3.4987590312957764,24.0, 98602, 232.699787738, 98564.0
3.501016139984131,24.0, 98602, 232.699787738, 98564.0
3.502880096435547,24.0, 98602, 232.699787738, 98564.0
3.5055019855499268,24.0, 98602, 232.699787738, 98564.0
3.507117986679077,24.0, 98602, 232.699787738, 98564.0
3.508805990219116,24.0, 98602, 232.699787738, 98564.0
3.5118870735168457,24.0, 98602, 232.699787738, 98564.0
3.516052007675171,24.0, 98602, 232.699787738, 98564.0
3.5186901092529297,24.0, 98602, 232.699787738, 98564.0
3.5293190479278564,24.0, 98602, 232.699787738, 98564.0
3.535207986831665,24.0, 98561, 230.911999748, 98569.0
3.540346145629883,24.0, 98561, 230.911999748, 98569.0
3.544980049133301,24.0, 98561, 230.911999748, 98569.0
3.54951810836792,24.0, 98561, 230.911999748, 98569.0
3.5540771484375,24.0, 98561, 230.911999748, 98569.0
3.5568110942840576,24.0, 98561, 230.911999748, 98569.0
3.5648322105407715,24.0, 98561, 230.911999748, 98569.0
3.567009210586548,24.0, 98561, 230.911999748, 98569.0
3.5693511962890625,24.0, 98561, 230.911999748, 98569.0
3.572180986404419,24.0, 98561, 230.911999748, 98569.0
3.577651023864746,24.0, 98561, 230.911999748, 98569.0
3.5822980403900146,24.0, 98561, 230.911999748, 98569.0
3.585353136062622,24.0, 98561, 230.911999748, 98569.0
3.5880661010742188,24.0, 98561, 230.911999748, 98569.0
3.590165138244629,24.0, 98561, 230.911999748, 98569.0
3.5938720703125,24.0, 98561, 230.911999748, 98569.0
3.595964193344116,24.0, 98561, 230.911999748, 98569.0
3.598036050796509,24.0, 98561, 230.911999748, 98569.0
3.600144147872925,24.0, 98561, 230.911999748, 98569.0
3.6028530597686768,24.0, 98561, 230.911999748, 98569.0
3.6078121662139893,24.0, 98561, 230.911999748, 98569.0
3.6119461059570312,24.0, 98561, 232.784928192, 98558.0
